I1,I2,I3,P(IPO),P(H),P(L),P(1Day),C1,C2,C3,C4,C5,C6,C7,T1,T2,T3,T4,T5,S1,S2,S3
AATI,ADVANCED ANALOGIC TECHNOLOGIES INC,3674,10,9.5,8.5,11.86999989,122,1,3.43,0.029074273,40962052,10600000,51.345,470,12719,11560,301,690,62,117,139
ABPI,ACCENTIA BIOPHARMACEUTICALS INC,2834,8,10,8,7.25,259,0,-1.62,-0.013351642,28869196,2400000,25.936,791,21792,19585,510,1120,71,242,237
ACAD,ACADIA PHARMACEUTICALS INC,2834,7,14,12,6.699999809,90,1,-1.24,0.020715002,16845668,5000000,7.378,201,5262,4785,128,325,61,33,60
ACHN,ACHILLION PHARMACEUTICALS INC,2834,11.5,16,14,12.39000034,209,1,-0.91,0.020023137,14848637,4500000,8.526,328,8259,7574,177,509,80,59,110
ACLI,AMERICAN COMMERCIAL LINES INC. ,4492,21,21,19,56.59999847,80,1,0.07,-0.034894701,30741716,8250000,632.298,572,14830,13176,336,720,67,149,167
ACOM,Ancestry.com Inc. ,7379,13.5,14.5,12.5,14.19999981,94,1,0.06,-0.057556077,42402916,7407407,197.591,510,17999,13934,328,815,62,96,181
ACOR,ACORDA THERAPEUTICS INC,2836,6,13,11,6.71999979,128,1,-1.87,0.004105524,19047022,5500000,5.146,495,15758,13953,379,698,82,106,135
ACRX,ACELRX PHARMACEUTICALS INC,2834,5,14,12,4.550000191,91,0,-0.74,0.040619988,19371750,8000000,-,334,11226,10056,276,-1,55,120,122
ACTV,ACTIVE NETWORK INC,7372,15,18,16,15.89999962,100,1,-0.51,-0.029315926,52982501,11000000,279.6,620,14813,13463,335,917,58,124,234
ACW,ACCURIDE CORP,3714,9,19,17,0,106,1,1.49,-0.024925077,33622690,11000000,494.008,385,9134,8107,198,459,81,90,147
ADKU,"ADCARE HEALTH SYSTEMS, INC",-,-,-,-,-,-,-,-,-,-,-,-,332,7534,6747,169,263,51,65,74
ADLS,"Advanced Life Sciences Holdings, Inc.",2854,5,9,8,6,99,1,-398.1,0.015487112,17826801,7000000,0.32,253,5788,5200,138,385,29,41,70
ADZA,ADEZA BIOMEDICAL CORP,2835,16,16,14,19.70000076,126,1,0.27,0.019731083,15889841,3750000,26.499,206,5732,4963,141,259,21,43,80
AFFY,AFFYMAX INC,2834,25,24,22,33.88000107,140,1,-2.19,-0.006315605,14310258,3700000,0.074,416,10562,9835,231,726,81,118,138
AGAM,"AGA Medical Holdings, Inc. ",3845,14.5,16,15,14.60000038,488,1,0.18,0.023274686,50025520,13750000,166.896,624,18633,16471,380,909,98,256,172
AH,R1 RCM INC. ,7389,12,16,14,13.55,233,1,0.17,-0.085454588,90015707,10000000,510.192,586,18142,15782,413,649,98,92,155
AHII,"ANIMAL HEALTH HOLDINGS, INC.",5047,11,12,10,12.45,125,1,0.31,0.000254856,24333033,11800000,571.192,269,6456,5687,140,336,36,33,83
AIMC,Altra Industrial Motion Corp. ,3568,13.5,16,14,14.28999996,77,1,0.14,-0.006315605,23087591,10000000,363.465,391,11322,9589,247,603,72,134,133
AIRV,AIRVANA INC,3661,7,10,8,7.170000076,92,1,1.18,0.036830797,63369555,8300000,170.27,528,13516,12431,323,523,54,75,117
ALGT,Allegiant Travel CO ,4512,18,17,15,25.10000038,207,1,0.63,-0.012692392,19045933,5000000,132.5,512,11684,10189,267,429,52,78,91
ALIM,ALIMERA SCIENCES INC ,2834,11,17,15,11,174,1,-1.43,0.045262646,31051055,6550000,-,473,13801,12500,296,768,66,136,182
ALJ,"Alon USA Energy, Inc. ",2911,16,16,14,17.25,78,1,0.67,0.054040009,45201120,10200000,1707.564,591,14315,12418,353,675,57,73,88
ALLI,ALLION HEALTHCARE INC,8099,13,14,12,16.5,68,1,-0.86,0.00254564,11894956,4000000,64.606,279,6569,5889,149,308,29,93,97
ALNY,"ALNYLAM PHARMACEUTICALS, INC.",2834,6,8,6,6.010000229,91,1,-29.64,0.035827733,19283332,5000000,0.176,248,6533,5977,150,384,58,39,100
ALTU,Altus Pharmaceuticals Inc. ,2836,15,16,14,16.82,101,1,-1.39,-0.001746016,21001943,7000000,3.88,263,8601,7663,184,473,63,51,93
ALXA,Alexza Pharmaceuticals Inc. ,2834,8,12,10,85.09998322,76,1,-19.2,-0.003957877,22646381,5500000,2.23,259,7830,7033,156,453,36,85,119
AMBA,AMBARELLA INC ,3674,6,11,9,6.059999943,488,1,0.38,-0.0371155,25909462,6000000,94.739,499,13534,12580,337,777,91,88,237
AMIS,AMIS HOLDINGS INC,3674,20,20,18,20.10000038,40,1,-0.41,0.025763709,71864857,30000000,345.322,527,15006,0,334,809,46,181,167
AMRC,"Ameresco, Inc.",4931,10,16,14,10.17000008,113,1,0.5,0.035642376,40403276,8696820,428.516,641,18484,16496,436,898,125,164,184
ANAC,"Anacor Pharmaceuticals, Inc.",2834,5,18,16,5.090000153,75,1,-0.93,-0.015947286,26614227,12000000,18.643,403,12099,11038,281,626,103,102,162
ANFI,Amira Nature Foods Ltd. ,2000,10,15,13,9.579999924,42,1,0.22,-0.0371155,35665434,9000000,257.056,578,16953,15176,378,885,81,87,169
ANGI,"Angie's List, Inc. ",7379,13,13,11,16.26000023,84,1,-0.49,-0.034465128,55594944,8793408,59.039,511,16279,13883,348,776,71,99,110
ANGO,ANGIODYNAMICS INC,3841,11,14,12,12.5,83,0,0.13,0.020715002,11150000,1950000,38.434,329,7154,6296,175,384,47,47,94
AONE,"B456 SYSTEMS, INC. ",3690,13.5,9.5,8,20.29,412,1,-9.04,0.085096705,98180520,28180501,68.525,536,13374,12334,304,748,66,149,194
AOSL,ALPHA & OMEGA SEMICONDUCTOR Ltd,3674,18,20,16,17.70000076,29,1,-0.02,0.016442651,22087485,5085985,185.076,388,12190,11085,274,677,56,116,160
APEI,AMERICAN PUBLIC EDUCATION INC,8221,20,19,18,35.91999817,94,1,0.15,-0.012382727,17048772,4687500,40.045,400,10135,9114,233,545,47,69,98
APKT,ACME PACKET INC,3576,9.5,7.5,6.5,15.90999985,133,1,0,0.056474747,56707490,11474528,36.12,547,14728,13418,345,841,60,149,176
ARAY,ACCURAY INC CIK,3841,18,18,17,28.46999931,87,1,-0.64,0.016234824,52212444,16000000,52.897,471,12754,11459,308,601,65,85,103
ARBX,ARBINET Corp,7389,17.5,16,14,116,160,1,1.4,0.03686689,24181137,6535405,519.966,322,7738,6866,186,342,35,60,125
ARCL,"Archipelago Learning, Inc.",8200,16.5,17,15,18.77000046,78,1,0.04,0.056994918,25106719,6250000,32.068,535,17094,14915,347,927,78,84,157
ARCO,Arcos Dorados Holdings Inc. ,5812,17,15,13,21.2,20,1,0.51,0.004669618,209529412,73484164,3018.118,572,17353,15234,430,917,84,144,125
AREX,Approach Resources Inc,1311,12,16,14,12.59000015,119,1,1.08,-0.019999416,19629551,7666667,46.672,326,7912,6987,195,365,30,68,94
ARII,"American Railcar Industries, Inc. ",3743,21,18,16,22.95499992,38,1,0.09,0.029256701,19932773,8500000,608.16,657,18736,17202,438,923,111,268,262
ARP,"ARC DOCUMENT SOLUTIONS, INC.",7334,13,16,14,13.75,112,1,-,-0.006417682,42908654,13350000,-,507,12468,11248,289,701,79,140,142
ARST,ArcSight Inc ,7372,9,11,9,8.779999733,156,1,-0.01,-0.000806322,30941015,6861919,69.833,547,17361,14536,360,860,56,156,194
ARTE,ARTES MEDICAL INC,2834,6,14,12,7.67,222,1,-1.42,-0.004839838,15634343,4600000,-,280,8296,7337,178,514,37,77,106
ARUN,"ARUBA NETWORKS, INC.",3577,11,10,8,14.14999962,102,1,-0.16,0.028309953,75140978,8000000,72.503,407,12387,11330,280,613,50,83,97
ASPV,Aspreva Pharmaceuticals CORP,2834,11,15,13,14.79,39,1,-1,0.002719029,32948378,7200000,-,223,5079,4700,104,292,29,60,76
ATEC,"Alphatec Holdings, Inc. ",3841,9,12,11,8.979999542,116,1,-9.12,-0.022464022,34760223,9300000,74.005,1386,39669,35567,845,2268,309,760,701
ATHN,ATHENAHEALTH INC,7389,18,16,14,35.5,90,1,-0.29,0.034695124,31600399,6286819,75.813,453,11688,10445,281,630,40,75,135
ATRC,"AtriCure, Inc.",3841,12,14,12,14.07999992,107,1,-0.79,0.015487112,11901530,4000000,19.157,248,6630,5936,153,410,51,54,161
AUXL,AUXILIUM PHARMACEUTICALS INC ,2834,7.5,9,8,7.199999809,93,1,-59.08,-0.059933232,20587127,5500000,8.822,292,6340,5777,151,369,34,40,103
AVAV,AeroVironment Inc ,3721,17,16,14,23.93000031,117,1,0.62,0.002756461,18156483,6700000,139.357,328,9472,8162,209,380,59,59,81
AVEO,AVEO PHARMACEUTICALS INC,2834,9,15,13,8.989999771,86,1,-1.49,0.049754822,29644831,9000000,20.719,449,14954,13497,312,819,99,98,189
AVGO,Broadcom Ltd ,3674,15,15,13,16.18000031,350,1,0.35,0.059353423,235888203,43200000,1699,840,22107,19522,462,1442,128,324,315
AVNC,"MiddleBrook Pharmaceuticals, Inc.",2834,10,14,12,10,77,1,-16.37,0.08987183,22760415,6000000,-,267,6877,6211,154,450,35,51,85
AVR,AVENTINE RENEWABLE ENERGY HOLDINGS INC,2869,43,43,40,38.37,90,1,38.5,-0.01458234,35145253,9058450,935.468,476,13269,11798,302,459,102,75,155
AVRX,AVALON PHARMACEUTICALS INC,2834,10.5,12,10,9.489999771,149,0,-1.63,-0.024693937,8404958,2750000,1.9,270,6360,5780,146,356,63,38,72
AWAY,HOMEAWAY INC,7389,27,27,24,40.20999908,110,1,0.21,0.019299589,79829804,800000,167.884,780,26431,22079,560,1173,124,157,292
AWK,"American Water Works Company, Inc.",4941,21,26,24,20.60000038,238,1,-2.14,0.004303735,160000000,58000000,2214.215,783,21801,20113,498,1217,138,299,248
AYR,Aircastle LTD ,7359,23,23,21,26.60000038,67,1,-0.02,0.012708623,50082900,9090900,32.978,547,13486,12249,331,714,64,84,175
BAGL,EINSTEIN NOAH RESTAURANT GROUP INC,5812,18,21,19,18.23,59,1,-0.66,0.002046755,15690374,5000000,389.962,517,13075,11937,320,759,100,167,189
BAH,Booz Allen Hamilton Holding Corp,7373,17,19,17,19.25,149,1,-0.47,-0.012062165,120622350,14000000,4351.218,632,20576,18272,468,1006,115,162,166
BALT,Baltic Trading Ltd ,4412,14,16,14,13.96000004,147,1,-158.2,0.046380151,22465088,16300000,-,180,4348,4183,100,221,9,37,60
BARE,BARE ESCENTUALS INC,2844,22,17,15,27.14999962,91,1,0.28,0.050890499,87028093,16000000,259.295,1285,41864,36702,886,2569,285,575,594
BAS,BASIC ENERGY SERVICES INC,1389,20,12,11,21.5,2087,1,0.46,0.01076545,33785359,12500000,311.502,548,12533,11201,292,650,76,127,126
BBBB,BLACKBOARD INC,7372,14,15,13,20.01000023,105,1,-2.09,0.005496375,25168917,5500000,92.478,388,10337,9215,240,552,33,56,89
BBG,BILL BARRETT CORP,1311,25,23,20,29.04999924,238,1,-4.16,0.019731083,41371982,13000000,75.436,594,15381,13806,347,768,48,152,178
BBND,"BigBand Networks, Inc. ",3663,13,12,10,17,83,1,0.16,-0.061579849,57119068,10700000,176.624,387,10581,9530,264,539,32,101,125
BBRG,"Bravo Brio Restaurant Group, Inc. ",5812,14,16,14,15.94999981,111,1,0.18,0.036117216,19250000,10000000,311.709,467,11002,9842,267,555,77,99,124
BBW,BUILD A BEAR WORKSHOP INC,5945,20,18,16,25.04999924,77,1,0.46,0.010983106,19551642,7482000,213.672,356,9137,8186,214,365,49,52,95
BCOV,BRIGHTCOVE INC,7372,11,12,10,14.30000019,177,1,-4.75,0.051526533,26375037,5000000,60.169,619,16546,15111,394,943,47,123,191
BDAY,"CELEBRATE EXPRESS, INC",5961,15.5,15,13,16.70000076,96,0,-0.34,0.01806591,6988392,3200000,37.811,298,7231,6423,196,270,30,48,97
BDE,"Bois d Arc Energy, Inc. ",1311,13,15,12,12.65,214,0,0.63,0.032284299,64145000,13500000,143.062,334,8894,8060,218,469,33,107,98
BEAT,"CardioNet, Inc. ",8090,18,20,18,17.70000076,215,1,2.89,-0.038341546,23043862,4500000,72.992,479,11080,9905,247,576,39,113,146
BECN,BEACON ROOFING SUPPLY INC,5033,13,14,12,10.65999985,118,1,0.18,0.019835983,26359127,13500000,559.54,391,9391,8434,219,422,57,80,94
BFAM,BRIGHT HORIZONS FAMILY SOLUTIONS INC. ,8351,22,21,19,28.31999969,93,1,0.13,0.010500795,62871119,10100000,1070.938,467,16360,13826,351,742,61,77,250
BFRM,BIOFORM MEDICAL INC,3841,8,11,9,8.550000191,79,1,-0.26,0.011185304,44596230,10000000,22.65,405,9017,8307,214,458,58,100,122
BHRT,"U.S. Stem Cell, Inc.",8731,5.25,16,14,5,371,0,-0.7,-0.016128119,14447138,1100000,-,374,11812,10743,242,515,50,92,100
BIOD,"ALBIREO PHARMA, INC.",2834,15,16,14,72,93,1,-1.68,0.003353817,19410836,5000000,-,319,9399,8613,195,616,70,74,143
BIOF,"Green Brick Partners, Inc.",2869,10.5,14,13,86.99353027,188,1,-0.03,0.003340586,32500000,5250000,-,250,6792,6380,167,341,35,50,119
BKC,Burger King Holdings Inc,5812,17,17,15,17.5,91,1,0.44,-0.057978474,133048840,25000000,1.94,605,20037,17715,449,1215,218,251,148
BKRS,BAKERS FOOTWEAR GROUP INC,5661,7.75,8,7,8.29,660,0,0.9,-0.045701373,5047473,2160000,148.224,280,6364,5625,141,305,30,66,89
BLMN,"Bloomin' Brands, Inc. ",5812,11,15,13,12.40999985,124,1,0.84,0.021811326,119906167,16000000,3841.264,721,26820,22878,540,1358,131,277,284
BLOG,"BladeLogic, Inc",7372,17,17,16,25.06999969,111,1,-0.28,-0.002117746,25905010,5000000,24.568,557,13821,12524,326,772,54,79,142
BLSW,"Bridgeline Digital, Inc.",7372,5,6,5,25,198,0,-0.36,0.009750672,7277250,3000000,8.235,464,13061,11992,286,774,55,128,148
BLT,BLOUNT INTERNATIONAL INC,-,-,-,-,-,-,-,-,-,-,-,-,538,12732,11126,301,631,94,172,116
BMTI,"BIOMIMETIC THERAPEUTICS, INC. ",3841,8,13,11,8.25,91,1,-0.77,-0.023720617,15567370,4600000,4.517,382,8348,7626,177,519,48,88,89
BNNY,Annie's Inc,2000,19,18,16,35.91999817,118,1,1.22,0.064599345,16646002,5000000,117.616,343,11441,9614,251,458,69,93,95
BODY,BODY CENTRAL CORP,5600,13,16,14,13,100,1,1.8,0.021052329,15405683,5000000,198.834,379,10627,9495,253,477,74,100,105
BOX,SEACUBE CONTAINER LEASING LTD.,7359,10,18,16,11,213,1,-0.79,0.051102896,19067812,9500000,141.873,674,17968,15879,434,890,66,224,181
BPI,Bridgepoint Education Inc ,8221,10.5,16,14,11.10000038,114,1,0.5,0.072227805,53139723,13500000,218.29,446,11805,10764,279,620,35,132,111
BRNC,"Bronco Drilling Company, Inc.",1381,17,16,14,18.46999931,14,0,-0.21,-0.017173042,18460000,5100000,21.873,348,8624,7620,197,376,46,77,81
BSFT,"BROADSOFT, INC",7372,9,11,9,8.300000191,93,1,0.32,0.041870711,24717719,7500000,95.623,841,21926,19908,524,1296,71,181,239
BTRX,BARRIER THERAPEUTICS INC,2834,15,16,14,14.6,83,1,-83.95,-0.030411458,21792260,5000000,0.367,213,4951,4613,107,356,22,29,99
BUN,PARENT CO,5641,9.5,10,8,10.7,97,0,0.1,0.033593112,5000258,2000000,14.798,307,6993,6068,152,302,49,47,70
BV,Bazaarvoice Inc,7372,12,10,8,16.51000023,182,1,-0.35,0.033823206,9484296,9484296,64.482,514,21326,17574,396,889,139,110,198
BWLD,BUFFALO WILD WINGS INC,5812,17,16,14,11.47500038,71,0,0.32,-0.023035852,7712116,3000000,96.107,301,6746,5723,155,338,21,77,53
BWTR,"Basin Water, Inc.",4941,12,12,10,16.65,88,0,0.03,-0.023720617,18677672,6000000,12.231,456,10949,10098,246,515,30,92,115
BWY,BWAY Holding CO ,3411,15,18,16,14.60000038,96,1,0.26,-0.013719046,21585906,10039216,918.513,500,13118,11870,306,738,80,146,181
CAB,CABELAS INC,5940,20,17,15,26,94,1,0.99,0.030198862,64771971,7812500,1392.423,675,19188,17466,465,1191,120,146,192
CABG,CABG MEDICAL INC,3841,5.5,6,5,6.090000153,139,0,-0.17,0.025837185,15822975,5500000,-,155,3670,3291,78,211,10,20,64
CADX,CADENCE PHARMACEUTICALS INC,2834,9,15,11,9.399999619,100,1,-0.27,0.024348418,28045540,6000000,-,219,6176,5588,138,335,34,55,102
CALD,CALLIDUS SOFTWARE INC,7371,14,14,12,17.37000084,58,1,-13.98,-0.013856032,22488261,5000000,26.586,413,10936,9806,278,697,39,92,201
CALL,FUZEBOX SOFTWARE CO,4822,10,11,9,9.55,140,1,0.29,0.015247641,18905040,4000000,22.488,303,7924,7112,184,467,63,78,76
CALX,"CALIX, INC ",3661,13,13,11,15.10000038,124,1,-0.62,0.053363823,36297532,6328932,232.947,541,15241,13991,353,720,67,168,188
CAP,"CAI International, Inc. ",7359,15,16,14,15,98,1,0.56,-0.010094639,17108920,5800000,-,707,18547,16397,436,586,101,160,170
CARB,Carbonite Inc,7379,10,17,15,12.35000038,91,1,-1.07,-0.162351948,24000105,6250000,38.563,389,13094,10922,280,649,57,99,160
CATM,CARDTRONICS INC,7389,10,16,14,9.5,95,1,-0.46,0.055379929,38566207,12000000,293.605,765,23527,21301,544,1431,120,202,271
CBEY,"CBEYOND, INC. ",4813,12,14,13,12,170,1,-0.46,0.041111497,25583179,6132353,113.311,668,18177,16384,407,878,98,300,145
CBOU,"Caribou Coffee Company, Inc.",5810,14,15,13,13,72,1,-0.11,-0.024693937,19262086,5358000,160.871,400,10224,8735,242,627,32,91,77
CCO,"Clear Channel Outdoor Holdings, Inc.",7312,18,22,20,18.54999924,93,1,-0.44,0.060856928,350000000,35000000,2447.04,502,14176,12830,328,1011,59,165,320
CDL,CITADEL BROADCASTING CORP,4832,19,19,17,20.65,422,1,-0.93,0.00230987,119611490,22000000,348.869,461,10824,9517,251,678,46,93,119
CDM,"China Century Dragon Media, Inc. ",7311,5.25,7,6,5.3,270,0,-,0.009441569,8540748,1200000,-,347,10344,9413,242,492,73,97,136
CE,Celanese Corp ,2673,16,21,19,16,79,1,-1.76,-0.058586674,158675271,50000000,5069,1105,29474,26654,695,1743,265,553,270
CELM,"CHINA ELECTRIC MOTOR, INC.",3621,4.5,6.5,5.5,-,-,-,-,-,19367873,5000000,-,351,10352,9296,235,482,52,124,120
CEMP,"CEMPRA, INC. ",2834,6,13,11,6.059999943,114,0,-1.12,0.047780887,19768862,8400000,-,411,15449,13760,325,786,82,146,198
CENF,CENTRAL FREIGHT LINES INC,4213,15,15,13,17.35000038,79,1,0.1,0.033804919,17632545,8500000,371.445,460,10470,9025,258,471,83,121,125
CERE,"Ceres, Inc.",100,13,17,16,118.4000015,275,1,-12.4,0.047564541,23477907,5000000,6.616,552,16370,14921,407,829,106,105,193
CF,"CF Industries Holdings, Inc.",2870,16,17,15,3.240000248,87,1,0.246,-0.010885934,55000000,41250000,1650.652,549,14563,13072,373,754,134,109,130
CFX,Colfax CORP ,3561,18,17,15,21,125,1,1.6,0.041544556,41193526,18750000,506.305,473,13364,12112,312,713,85,208,215
CGTK,"ANESIVA, INC.",2834,16,16,14,85.6,70,1,-37.9,-0.013775442,26113294,6000000,8.678,184,4372,3950,100,276,28,38,50
CHEF,"Chefs' Warehouse, Inc. ",5141,15,16,14,17.5,107,1,0.79,-0.03930505,20666667,9000000,330.118,324,9268,8267,216,481,86,82,110
CIL,"China Intelligent Lighting & Electronics, Inc.",3640,3,5,4,-,-,-,59.261,-,13243704,3350000,59.261,406,12065,11056,282,667,72,169,182
CLAY,CLAYTON HOLDINGS INC,7389,17,17,15,21,137,1,0.26,-0.002848254,19391306,7500000,207.502,444,11520,10301,256,714,36,108,151
CLD,CLOUD PEAK ENERGY INC. ,1221,15,18,16,14.84000015,100,1,2,0.056994918,31502000,30600000,1239.711,656,0,18173,486,1135,77,229,219
CLU,"Cellu Tissue Holdings, Inc. ",2621,13,17,15,11.89999962,98,1,0.33,-0.009069644,20122971,8300000,519.023,520,14111,12212,357,555,87,74,105
CLUB,TOWN SPORTS INTERNATIONAL HOLDINGS INC,7997,13,18,16,13.25,331,1,0.1,-0.022464022,25976602,8950000,388.556,441,10174,8833,243,464,59,80,81
CLWR,Clearwire Corp ,4899,25,25,23,23.09397,79,1,-2.93,-0.045928278,133325236,24000000,100.181,579,14175,12724,327,762,64,147,175
CML,COMPELLENT TECHNOLOGIES INC,7372,13.5,12,10,24,100,1,-0.44,0.044370816,29671309,6000000,23.333,547,13649,12553,314,711,57,144,147
CMP,COMPASS MINERALS INTERNATIONAL INC,1400,13,15,13,13.75,37,1,0.24,0.033804919,30176058,14500000,502.6,444,11249,10105,273,579,71,104,168
CNSL,"Consolidated Communications Holdings, Inc.",4813,13,16,14,13.78999996,226,1,-1.79,0.059454155,29687510,15666666,269.608,817,21885,19296,531,1080,94,274,183
CNVO,"Convio, Inc.",7372,9,12,10,10.23999977,94,0,-0.13,0.016442651,16505470,5132728,63.086,639,16242,14886,380,808,78,134,198
CNVX,"MICROMET, INC.",2836,12,14,12,36.00000381,77,1,-153.85,0.013148884,26675374,6000000,-,201,4914,4435,118,322,38,37,65
COGT,"Cogent, inc.",7373,12,12,10,17.98,133,1,0.14,0.00801417,78000000,18000000,32.179,419,10764,9856,259,643,-1,97,134
COLY,"Coley Pharmaceutical Group, Inc.",2834,16,16,14,18.87999916,112,1,-1.89,-0.006455285,24800441,6000000,14.344,337,7944,7063,178,471,71,68,75
COMV,"COMVERGE, INC. ",3822,18,17,15,22.30999947,190,1,-0.35,0.008465132,17517723,5300000,33.873,446,13076,11561,292,641,38,118,150
CONN,CONNS INC,5731,14,14,12,13.11784744,63,0,0.13,-0.003591636,22412040,4150000,378.525,462,13073,11606,295,644,53,153,169
CONR,CONOR MEDSYSTEMS INC,3841,13,13,11,13.26000023,83,1,-1.15,0.037894307,31688068,6000000,-,204,5329,4918,124,303,25,90,101
CORT,CORCEPT THERAPEUTICS INC ,2834,12,17,15,12.22999954,64,1,-1.13,0.069475878,22642128,4500000,-,132,3752,3440,94,257,13,45,65
CPII,"CPI INTERNATIONAL, INC.",3670,18,18,16,18,126,1,1.05,-0.006702548,16020154,7058870,320.732,600,17001,15198,386,819,62,129,158
CPIX,CUMBERLAND PHARMACEUTICALS INC,2834,17,16,14,16.82999992,833,1,0.28,0.044272134,23484039,5000000,35.075,398,9214,8205,218,492,35,53,137
CPX,"SPN Fairway Acquisition, Inc. ",1389,24,24,22,26.89999962,203,1,1.16,0.008953658,70508690,26000000,757.726,503,13988,12358,292,722,62,122,172
CRDC,DEXTERA SURGICAL INC,3841,10,12,10,10.35,91,0,-7.82,-0.014905424,9449337,3500000,2.056,326,7983,7197,185,390,22,64,90
CREL,COREL CORP,7372,16,20,18,15.75,23,1,-0.45,-0.011281887,24492427,6500000,164.044,578,13819,12325,338,747,46,153,156
CRI,CARTERS INC,2300,19,19,17,12.32499981,427,1,0.43,0.003148825,27282235,6250000,587.899,391,9798,8599,239,474,75,104,120
CRMH,"Majestic Capital, Ltd.",6331,13,16,13,129.99997,93,1,0.38,6.11878E-05,16247115,8850000,32.82,461,13124,11673,291,637,28,210,166
CROX,"Crocs, Inc.",3021,21,20,19,14.27499962,177,1,0.26,-0.015121373,38272247,9900000,108.581,399,9581,8564,219,487,60,96,114
CRU,CRUDE CARRIERS CORP.,4412,19,21,19,18.55,11,1,0.24,0.049754822,13500000,13500000,16.87,271,7059,6572,157,382,26,69,91
CRYO,CRYOCOR INC,3841,11,13,11,10.87,100,0,-4.08,0.026627414,10598319,3709090,0.493,240,5857,5358,126,297,27,52,100
CSCD,CASCADE MICROTECH INC,3825,14,13,11,13.75,287,1,-0.2,0.043563711,10833611,5300000,50.556,473,12416,10835,296,651,86,127,115
CSIQ,Canadian Solar Inc.,3674,15,15,13,15.63000011,17,1,0.19,0.017113521,27270000,7700000,18.324,680,17884,16256,427,842,108,133,167
CSTE,Caesarstone Ltd.,3281,11,16,14,11.10999966,35,1,0.87,0.031134772,33366250,6660000,259.671,628,18818,17076,437,1003,112,155,234
CTCT,"Constant Contact, Inc.",7372,16,14,12,27.63999939,89,1,-0.29,0.050632229,27085362,6700000,27.552,364,9528,8599,235,475,38,51,84
CTP,CTPARTNERS EXECUTIVE SEARCH INC.,7361,13,14,12,13,96,0,0.7,0.05436796,6830767,2307692,76.588,238,7439,5979,147,358,33,38,54
CTRN,Citi Trends Inc,5600,14,14,12,15.69999981,79,1,0.62,0.041612503,11995000,3850000,157.198,379,8656,7826,201,393,34,54,111
CVGI,"Commercial Vehicle Group, Inc.",3714,13,17,15,13.10000038,76,1,0.29,-0.027805585,16988751,9250000,287.579,448,11504,10115,252,593,91,116,152
CVI,CVR ENERGY INC ,2911,19,20,18,20.25,392,1,2.22,0.000994497,83141291,20000000,3037.567,1475,44890,39312,982,2024,297,339,356
CXO,CONCHO RESOURCES INC ,1311,11.5,16,14,12.89999962,101,1,0.27,-0.046462156,72499911,20887107,198.29,475,13415,11775,299,685,44,120,129
CYNO,CYNOSURE INC,3845,15,14,12,18.93000031,120,1,0.52,0.01076545,10242877,5000000,41.633,357,10058,8948,235,483,46,60,93
CYTK,CYTOKINETICS INC,2834,13,13,11,96.60002899,93,1,-102.6,-0.030411458,26845343,6900000,10.577,246,6263,5637,140,389,54,48,84
CZR,CAESARS ENTERTAINMENT Corp,7993,9,10,8,15.39000034,85,1,-9.58,0.049463654,125025500,1811313,8834.5,488,15252,13819,365,709,111,280,197
DBTK,"Double-Take Software, Inc.",7372,11,11,9,12.65999985,127,1,-0.19,-0.006315605,20502757,7500000,40.71,501,14090,12203,327,728,55,94,129
DCIN,Digital Cinema Destinations Corp. ,7830,6.1,9,6,6.170000076,119,0,-0.16,-0.036967158,5056607,2200000,1.572,372,8565,7930,197,449,45,39,112
DCP,DYNCORP INTERNATIONAL INC. ,7389,15,17,15,14.93999958,218,1,0.23,-0.00555898,60750000,25000000,1920.909,510,14060,12402,331,744,71,76,144
DDMG,"Digital Domain Media Group, Inc. ",7812,8.5,12,10,7.15,186,0,-1.08,-0.050974646,39500993,4920000,105.311,911,27472,24619,628,1356,119,178,153
DDUP,"Data Domain, Inc. ",3572,15,13.5,11.5,24.95000076,89,1,-0.08,-0.008561623,51772816,7390000,46.434,415,12424,11126,289,627,37,90,141
DEEP,Superior Offshore International Inc. ,1389,15,16,14,17.54,252,1,3.27,0.03364896,25666667,10166667,243.446,326,9669,8658,212,420,67,69,103
DEIX,"DEI Holdings, Inc. ",3651,16,17,15,14,114,1,-0.24,-0.00324093,24769197,9375000,304.558,395,11536,9980,243,599,63,115,141
DEX,DEX MEDIA INC ,2741,19,26,23,19.5,69,1,-17.65,-0.082872068,15028162,53061224,256.445,635,20533,18099,506,1116,49,73,128
DG,DOLLAR GENERAL CORP,5331,21,23,21,22.72999954,85,1,-,-0.003981064,340644825,34100000,9495.246,808,21623,19603,498,1310,194,232,326
DHX,"DHI GROUP, INC.",7319,13,13,11,13.39999962,105,1,0.11,0.048468853,61960992,16700000,83.658,645,17335,15534,406,1017,76,195,211
DIVX,DIVX INC,7371,16,14,12,18.7,140,1,-,0.025383281,33431417,9100000,33.047,439,11526,10498,267,715,46,93,126
DK,"Delek US Holdings, Inc. ",5500,16,16,14,16.25,85,1,0.19,-0.00555898,49389869,10000000,2031.869,489,11759,10425,279,580,46,58,114
DLB,"Dolby Laboratories, Inc. ","6794, 3861, 3663, 7819",18,18,16,24.29999924,90,1,0.47,0.020089649,97362135,27500000,289.041,500,15288,14243,360,912,69,122,165
DM,Dolan Co. ,2711,14.5,15.5,13.5,17.72,98,1,-0.81,-0.053282171,25110974,13456522,111.643,691,21187,18377,485,1044,45,192,236
DMAN,"DemandTec, Inc.",7372,11,12,10,9.340000153,77,1,-0.1,-0.037516299,26188505,6000000,32.539,510,14346,12184,306,689,60,96,286
DMD,LEAF GROUP LTD. ,7379,17,16,14,45.03721,173,1,-,0.014041838,81964617,8900000,-,797,22667,20515,549,1200,95,165,291
DMED,D. MEDICAL INDUSTRIES LTD. ,3841,7,12,10,6.25,72,0,1.05,0.023128231,7572273,1500906,0.099,390,12337,10849,283,599,51,128,96
DMND,Diamond Foods Inc,2090,17,16,14,21.04999924,118,1,12.12,0.057574573,14658351,6000000,359.683,274,6475,5603,130,310,25,40,62
DNKN,"DUNKIN' BRANDS GROUP, INC. ",5810,19,18,16,27.85000038,84,1,0.22,-0.000210421,120391613,22250000,577.135,436,13641,12250,333,664,95,234,164
DOLE,DOLE FOOD CO INC,100,12.5,15,13,12.27999973,70,1,121,0.058521117,87425000,35715000,7619.952,878,22922,20861,548,1065,250,290,289
DPZ,DOMINOS PIZZA INC ,5812,14,17,15,13.5,91,1,-0.11,-0.019651976,68653626,24221929,1333.322,429,10346,8914,260,462,38,55,109
DRC,Dresser-Rand Group Inc.,3511,21,21,19,22.79999924,81,1,0.58,0.015487112,85444887,27000000,915.402,579,14710,12556,325,656,89,119,123
DRTX,"Durata Therapeutics, Inc.",2834,9,13,11,9.039999962,119,1,-3.4,0.023492497,17240363,7500000,-,382,12420,11400,286,755,57,102,175
DSUP,DAYTON SUPERIOR CORP ,3315,12,15,13,11.5,77,0,-11.57,-0.004839838,18773283,7850000,418.983,487,12049,10785,279,562,83,173,112
DSW,DSW Inc. ,5661,19,17,15,1.789999962,107,1,-0.149,0.006842771,41865167,14062500,2599.816,467,13273,11870,296,613,64,88,119
DTSI,"DTS, INC.","3651, 6794, 7819",17,16,14,24.92000008,76,0,0.99,0.044010947,13097313,3840000,41.056,339,8274,7487,204,421,49,95,70
DVAX,DYNAVAX TECHNOLOGIES CORP,2836,7.5,14,12,93.99997711,118,1,-100.4,-0.000646898,23673756,6000000,0.826,186,4849,4306,117,356,55,44,124
DVOX,DynaVox Inc.,7373,15,17,15,15,107,1,1.08,0.045262646,9375053,9375000,114.299,511,14805,13480,357,750,69,93,154
DVR,"Cal Dive International, Inc.",1389,13,16,14,12.35,197,1,0.61,-0.017349397,83679691,22173000,224.299,310,8124,7223,182,414,60,76,63
DWA,"DreamWorks Animation, LLC",7812,28,25,23,38.75,99,1,-2.44,0.010983106,105136967,29000000,300.986,410,12454,11708,294,654,57,63,115
DWRE,Demandware Inc,7372,16,14.5,12.5,23.59000015,244,1,-0.05,0.030940586,27997970,5500000,56.547,592,15406,14065,367,840,76,96,182
DWRI,DESIGN WITHIN REACH INC,5712,12,12,10,16.43000031,98,1,18.5,0.006311126,12844748,4100000,81.138,334,8295,7392,202,364,33,49,92
DXCM,DEXCOM INC,3841,12,14,12,11.73999977,72,1,-0.88,-0.004151916,25186761,4700000,-,153,3467,3225,77,204,14,30,52
DYP,"DUOYUAN PRINTING, INC.",3555,8.5,10.5,8.5,7.77,58,1,0.87,-0.026642223,31375050,6455918,89.628,821,21505,19210,535,979,150,230,198
EBS,Emergent BioSolutions Inc. ,2834,12.5,16,14,11.69999981,93,1,0.58,0.031567243,27420404,5000000,130.688,581,14932,13665,332,876,107,76,140
ECHO,"Echo Global Logistics, Inc. ",4731,14,15,13,14.06000042,520,1,0.13,-0.002712192,21493655,5700000,202.808,489,12532,10798,304,657,42,48,137
ECYT,"ECOTALITY, INC. ",2834,6,15,13,7.730000019,171,1,1.78,0.009448254,27703357,12500000,13.737,406,10628,9853,250,584,59,92,122
EDG,Edgen Group Inc. ,5150,11,16,14,9.5,120,1,-0.59,-0.011181453,42329043,15000000,911.612,619,0,19153,474,1108,104,224,253
EDMC,EDUCATION MANAGEMENT Corp,8200,18,20,18,21.77000046,651,1,0.47,-0.002712192,139770277,20000000,1684.158,551,14707,13485,354,746,92,162,172
EEEE,EDUCATE INC,8200,11,16,14,11.98999977,132,1,0.23,0.019835983,42574474,15000000,242.327,443,10979,10149,265,599,70,80,106
EGLT,"Eagle Test Systems, Inc. ",3825,15.5,16,14,15.5,79,1,0.53,-0.010369428,20641535,6500000,63.477,396,11277,9497,253,542,69,73,110
ELMD,"Electromed, Inc. ",3845,4,6,4,-,-,-,12.999,-,7887885,1700000,12.999,224,6146,5551,154,386,29,52,140
ELOQ,"Eloqua, Inc.",7372,11.5,11.5,9.5,12.89000034,344,1,-0.19,0.017348746,32037514,800000,71.348,582,20386,17076,438,1041,101,121,204
EM,"Change Healthcare Holdings, Inc. ",7374,15.5,15.5,13.5,16.52,334,1,0.12,0.026555256,88487776,23700000,853.599,488,17328,14433,369,912,95,113,205
EMAG,EMAGEON INC,7372,13,15,13,14.95,82,1,-0.74,0.006385607,19632992,5000000,45.802,466,11312,10263,280,583,46,89,132
ENPH,"Enphase Energy, Inc.",3674,6,7,6,7.340000153,289,1,-0.82,0.038019997,39290870,8969697,149.523,383,14271,12232,263,817,59,115,217
ENSG,"ENSIGN GROUP, INC",8051,16,22,20,4.748099327,179,0,0.55,-0.012382727,20446380,4000000,358.574,649,17598,15758,419,793,76,145,221
ENTA,ENANTA PHARMACEUTICALS INC,2834,14,16,14,17.18000031,135,1,0.4,0.030471472,16836561,4000000,41.706,530,16561,15145,383,780,159,87,183
ENTR,ENTROPIC COMMUNICATIONS INC,3674,6,8,6,7.400000095,133,1,-0.1,0.040094726,67614775,8000000,41.471,467,12465,11251,290,680,41,119,151
ENV,"ENVESTNET, INC. ",7389,9,10,9,10.22999954,125,1,-0.03,0.041103818,30795117,7000000,77.924,404,11624,10574,262,628,53,99,127
EPAM,"EPAM Systems, Inc.",7371,12,18,16,14,243,1,1.08,0.049463654,41125981,6000000,334.528,406,13908,11475,293,759,100,108,142
EPOC,EPOCRATES INC,7375,16,15,13,21.95999908,201,1,0.17,0.014589884,22282384,5360000,103.988,712,17064,15524,404,868,76,132,181
ERII,"Energy Recovery, Inc.",3559,8.5,9,7,9.829999924,92,1,0.12,-0.039427182,47917474,14000000,35.414,441,11236,9986,272,586,38,66,129
ESEA,EUROSEAS LTD. ,4412,7,-,-,-,-,-,-,-,9602340,9602340,-,521,12812,11190,285,545,72,60,121
ETRM,EnteroMedics Inc ,3845,8,9,8,48.00001144,174,1,-97.2,-0.040172848,16309113,5000000,-,269,6939,6268,154,364,19,72,94
EURX,EURAND N.V. ,2834,16,19,17,-,-,-,109.336,-,43857412,7000000,109.336,-,-,-,-,-,-,-,-
EVVV,ev3 Inc.,3841,14,18,16,14.14999962,72,1,-3.87,0.012479815,48909653,11765000,86.334,577,14667,13105,350,857,83,183,154
EXA,EXA CORP,7372,10,13,11,9.800000191,330,0,0.8,0.031581218,13193161,6250000,37.907,584,17934,16566,409,950,129,151,178
EXAM,"ExamWorks Group, Inc. ",8000,16,18,16,16.79999924,76,1,-0.14,0.051102896,30439451,10300000,49.634,487,13425,11924,322,795,63,141,171
EXLS,"ExlService Holdings, Inc.",541990,13.5,12,10,18.84000015,683,1,0.26,0.035887403,27338676,5000000,73.954,534,13599,12071,312,724,69,112,188
EXPR,"EXPRESS, INC.",5600,17,20,18,16.75,86,1,-0.34,-0.037189715,88735895,16000000,1737.01,561,18863,16404,402,896,108,180,174
EYET,EYETECH PHARMACEUTICALS INC,2834,21,20,18,32.40000153,140,1,-1.77,-0.014565682,38535063,6500000,41.419,186,4936,4482,99,306,46,34,76
FACE,"PHYSICIANS FORMULA HOLDINGS, INC",2844,17,17,15,19.71999931,76,1,0.59,0.017113521,13706376,7500000,78.706,388,10728,9590,247,554,56,83,125
FANG,"Diamondback Energy, Inc. ",1311,17.5,19,17,17.5,241,1,-0.02,-0.041430293,35111532,12500000,48.672,537,17295,14589,353,731,45,159,159
FB,Facebook Inc,7370,38,38,34,38.23180008,107,1,0.47,-0.082255882,2138085037,421233615,3711,604,16954,15686,402,833,111,105,209
FCL,"Alpha Natural Resources, Inc.",1221,22,19,17,12.75,111,1,1.73,0.020595748,44392433,23610000,994.3,552,14365,13005,318,805,99,188,162
FFN,FriendFinder Networks Inc. ,7370,10,12,10,7.85,869,0,-3.14,0.04943393,26724598,5000000,345.997,703,20955,18596,484,1148,123,229,182
FIO,"FUSION-IO, INC.",3572,19,18,16,22.5,92,1,-0.41,-0.052638161,77809084,12300000,36.216,404,14611,12408,313,649,61,110,162
FIRE,SOURCEFIRE INC,7372,15,14,12,15.48999977,135,1,-0.04,-0.044362622,23113892,5770000,44.926,522,14385,13042,341,747,67,149,174
FIVE,"FIVE BELOW, INC ",5331,17,17,15,26.5,92,1,0.13,0.023492497,53964948,9615384,197.189,491,12691,11477,304,530,68,77,151
FLT,FLEETCOR TECHNOLOGIES INC ,7389,23,26,23,27.25,244,1,1.13,0.055238788,78719146,12675000,354.073,707,18639,16376,434,1013,75,154,184
FLTX,Fleetmatics Group Ltd,7372,17,17,15,22.29999924,46,1,0.08,-0.011098404,34418867,7812500,92.317,644,23894,21072,500,1293,149,218,285
FN,Fabrinet ,3661,10,14,12,10.75,217,1,0.93,-0.00141265,33743709,8500000,441.099,528,15723,13895,352,742,73,145,141
FNET,"Fortunet, Inc. ",3990,9,13,11,9.050000191,137,0,0.27,-0.00386253,10966612,2500000,14.685,250,7858,6364,168,370,49,72,66
FOLD,AMICUS THERAPEUTICS INC,2834,15,16,14,14.43000031,62,1,-2.08,0.00586084,22234426,5000000,-,347,8425,7702,194,464,50,79,147
FOXH,"FOXHOLLOW TECHNOLOGIES, INC",3841,14,14,12,20.45000076,76,1,-0.34,0.010983106,22088321,4500000,2.585,238,5333,4809,127,304,30,44,62
FRAN,Francesca's Holdings CORP,5632,17,16,14,27.64999962,94,1,0.24,0.019769381,43525820,10000000,79.367,589,20652,17627,437,916,93,149,208
FRP,FAIRPOINT COMMUNICATIONS INC ,4813,18.5,20,18,18.05,316,1,0.91,-0.006417682,34925432,25000000,262.843,518,11280,9863,246,636,52,117,100
FSL,"Freescale Semiconductor, Ltd.",3674,18,24,22,18.32999992,104,1,-5.35,-0.019102443,239858593,43500000,4458,872,28756,26460,630,1706,188,401,311
FSLR,"FIRST SOLAR, INC.",3674,20,19,17,24.73999977,140,1,-0.09,0.042603242,69387276,20000000,48.063,552,16842,15075,409,785,97,187,200
FSTC,FASTCLICK INC,7319,12,14,12,12,100,1,0.58,-0.024071643,19382880,6500000,58.015,379,9337,8514,219,514,43,70,125
FTD,"FTD Group, Inc.",7389,13,14,12,13.6,78,1,-,0.006385607,29016591,15407693,397.06,486,16280,13922,350,674,48,73,112
FTNT,FORTINET INC,3577,12.5,11,9,8.31000042,100,1,0.055,0.067485346,64393969,12500000,211.791,572,15728,14270,376,777,90,131,189
FUQI,"FUQI INTERNATIONAL, INC.",3911,9,9,7,10.47000027,113,0,0.29,0.000994497,19869771,7033816,92.409,334,9107,8103,222,381,57,82,97
G,Genpact LTD ,541990,14,18,16,16.75,83,1,0.19,-0.053282171,206409349,35294118,617.977,641,15238,13795,360,727,92,113,184
GASS,StealthGas Inc.,4412,14.5,16,14,13.80000019,38,0,-,-0.019194815,14000000,8000000,-,386,10343,9280,233,364,49,58,94
GEVO,"Gevo, Inc. ",8731,15,15,13,246.6002502,181,1,-24.45,0.029860707,24640360,7150000,16.396,522,16504,14728,367,888,89,140,174
GGL,Goodman Global Inc ,3583,18,18,16,20.05,59,1,0.05,0.02754865,68889837,23529411,1565.406,326,7535,6811,171,455,43,84,93
GGS,Global Geophysical Services Inc ,1382,12,17,15,12,188,1,0.05,0.045262646,35877570,7500000,312.796,473,12699,11422,0,693,84,112,123
GGXY,"GOLF GALAXY, INC.",5940,14,13,11,18.61000061,73,1,2.29,0.04125354,10636436,3950000,99.63,449,10493,9526,275,435,108,76,105
GHDX,GENOMIC HEALTH INC ,8071,12,14,12,11.75,76,1,-1.03,-0.024693937,24367432,5016722,0.327,315,7546,6755,183,344,48,45,73
GKIS,"PILGRIM'S PRIDE CORP OF GEORGIA, INC. ",2015,11,16,14,11.39999962,127,1,2.82,0.039421514,50000000,12000000,2260.728,279,7458,6620,163,372,62,108,71
GLOG,GasLog Ltd.,4400,14,18,16,12.40999985,73,1,0.19,0.038019997,62863166,23500000,66.471,517,16152,14728,365,855,59,87,128
GLUU,GLU MOBILE INC,7371,11.5,12,10,12.28999996,93,1,-0.43,0.017658789,28437885,7300000,46.166,600,17913,15413,380,865,78,169,225
GMAN,"Gordmans Stores, Inc.",5600,11,15,13,11.02999973,97,1,0.13,0.023128231,18703086,5357143,438.135,385,12828,0,286,591,79,89,181
GMED,GLOBUS MEDICAL INC,3841,12,13,12,13.5,127,1,0.67,-0.00103339,90388441,8333333,331.478,398,11665,10563,271,627,68,139,145
GMET,"GeoMet, Inc. ",1311,10,15,13,4.549573898,77,1,-0.04,-0.036866733,37614021,5000000,41.98,504,11591,10586,270,658,69,155,131
GMTN,GANDER MOUNTAIN CO ,5940,16,16,14,22.02,76,1,-731.84,-0.008501909,13363175,5725000,357.441,249,5951,5368,150,270,63,52,71
GNMK,"GenMark Diagnostics, Inc.",3841,6,7,6,5.400000095,70,0,-1.7,0.0041956,11723512,4600000,0.999,275,7435,6629,179,390,56,97,73
GNOM,COMPLETE GENOMICS INC ,8731,9,14,12,8.029999733,104,1,-1.39,0.050257358,25809078,6000000,0.623,469,14556,13287,338,795,60,144,203
GNRC,GENERAC HOLDINGS INC.,3621,13,17,15,12.84000015,114,1,0.66,-0.054119919,65578790,18750000,588.248,566,15862,14098,350,738,89,191,156
GOLF,GOLFSMITH INTERNATIONAL HOLDINGS INC,5940,11.5,16,14,11.1,93,1,0.3,-0.037222283,15472676,6000000,323.794,449,11800,10541,285,459,65,117,112
GOOG,GOOGLE INC.,7375,85,135,108,50.24538,112,1,0.77,-0.026448767,271219643,19605052,1465.934,481,13451,12143,322,673,69,87,162
GRPN,"Groupon, Inc.",7379,20,18,16,26.11000061,155,1,-0.57,0.008862655,637803328,35000000,1610.43,653,16101,14740,393,920,111,118,170
GSAT,"Globalstar, Inc. ",4899,17,18,16,0,108,1,0.23,-0.006352244,70375494,7500000,127.147,759,18196,16262,397,959,85,228,173
GSE,"GSE Holding, Inc. ",3081,9,11,8,11.5,214,0,-,0.05204085,18288454,7000000,-,688,19260,17088,502,1066,133,205,231
GSL,GLOBAL SIGNAL INC,-,18,-,-,-,-,-,-,-,48854155,7000000,-,631,19479,17409,451,976,71,252,155
GTEC,"SOTERA DEFENSE SOLUTIONS, INC.",8711,13,16,14,13.07999992,78,0,0.18,0.056994918,9036432,4600000,189.426,409,11586,10406,275,483,58,78,111
GTOP,GENITOPE CORP ,2836,9,13,9,10,85,0,-11.62,0.013148884,16238296,3700000,-,212,5549,5001,121,350,27,59,104
GTXI,GTX INC,2834,14.5,15,13,12.89999962,111,1,-12.34,-0.023438008,24592753,5400000,-,194,4711,4288,100,321,29,50,107
GUID,"Guidance Software, Inc.",7372,11.5,14.5,12.5,15.18000031,89,1,0.08,-0.014063667,22060015,5000000,39.505,543,12153,10981,282,701,44,177,112
GWAY,GREENWAY MEDICAL TECHNOLOGIES INC,7373,10,13,11,13,202,1,1.18,0.049162802,27846584,6666667,89.839,368,9715,8919,239,579,95,74,106
GXDX,GENOPTIX INC,8071,17,16,14,25.35000038,91,1,-0.24,0.002007599,15619290,5000000,24.018,408,11031,10081,264,615,63,125,129
HCA,"HCA Holdings, Inc.",8062,30,30,27,31.02000046,78,1,2.83,-0.027255579,515205100,126200000,30683,419,11705,10268,266,539,54,288,133
HCCI,"Heritage-Crystal Clean, Inc. ",4955,11.5,12.5,10.5,14.18999958,267,1,0.68,-0.032710696,10448290,1914000,89.734,255,7089,6206,154,304,30,61,66
HEES,"H&E Equipment Services, Inc. ",7350,18,17,15,23.10000038,109,1,-,-0.00386253,36429516,10937500,600.21,628,13202,11872,302,615,72,153,121
HEM,HEMOSENSE INC,3841,5.5,8,6,5.519999981,89,1,-1.75,-0.008606368,9533764,3500000,3.25,279,6061,5315,137,299,17,50,65
HERO,"HERCULES OFFSHORE, INC.",1381,20,20,18,0,111,1,-,0.007191348,30242850,9200000,-,494,12518,11207,297,603,49,103,135
HGG,"hhgregg, Inc.",5731,13,17,15,14.55000019,93,1,0.69,0.036830797,32241600,9375000,900.424,402,9827,9062,229,646,63,77,87
HIRE,HIRERIGHT INC,7374,15,17,15,14.72999954,177,1,0.97,-0.049862597,11221898,4375000,58.097,364,9716,8724,229,448,63,71,99
HITT,HITTITE MICROWAVE CORP,3674,17,16,14,19.45000076,78,1,0.52,0.059454155,27883985,4500000,61.671,384,9162,8336,206,504,54,68,110
HLYS,"Heelys, Inc. ",3140,21,18,16,23.6,98,1,0.16,-0.012692392,27028875,6425000,43.95,379,9015,7919,201,441,48,71,103
HNSN,HANSEN MEDICAL INC,3842,12,13,11,121.9999695,92,1,-10.4,0.026883961,20553932,6250000,-,257,6230,5669,140,363,25,86,89
HOO,CASCAL N.V.,4941,12,13,12,12,22,1,0.26,-0.061199507,30559343,12000000,121.703,1028,24427,21762,550,1181,105,212,203
HPJ,"Highpower International, Inc.",3690,3.25,4,3,-,-,-,73.262,-,13483846,525000,73.262,377,10731,9703,240,486,45,104,96
HPTX,HYPERION THERAPEUTICS INC ,2834,10,13,11,10.10999966,104,0,-1.86,-0.039954233,15842042,5000000,-,399,14339,12728,297,723,49,98,185
HPY,HEARTLAND PAYMENT SYSTEMS INC,6153,18,16,14,24.51000023,366,1,0.27,-0.010885934,32406460,6750000,602.749,556,15244,12877,373,646,50,147,85
HRZ,"Horizon Lines, Inc. ",4400,10,17,15,10.75,209,1,10.75,-0.022585781,31669170,12500000,980.328,400,12453,10880,280,621,53,82,86
HS,"HealthSpring, Inc. ",6324,19.5,18,16,21.98,115,1,0.42,-0.014905424,57289549,18800000,856.763,408,12745,10844,280,649,56,134,116
HTZ,HERC HOLDINGS INC,7350,15,18,16,15.72000027,125,1,1.53,0.026883961,320618692,88235000,7469.2,719,21471,19155,472,1133,90,207,246
HUN,Huntsman CORP ,2800,23,23,21,24.5,79,1,-1.43,0.009124591,220454546,60227274,11485,1032,27953,24402,677,1631,189,460,293
HURN,Huron Consulting Group Inc.,8742,15,16,14,18.9,153,1,-0.14,0.024642172,16285960,5000000,110.294,314,9689,8471,226,512,30,48,79
IBI,"INTERLINE BRANDS, INC./DE ",5074,15,17,15,17.29999924,184,1,-7.71,0.03686689,31750000,12500000,640.138,298,7996,7144,200,441,40,66,109
ICFI,"ICF International, Inc. ",8742,12,16,14,12.25,140,1,0.22,0.051895161,12946132,4670000,177.218,453,11082,10081,261,575,63,73,176
ICPT,INTERCEPT PHARMACEUTICALS INC,2834,15,15,13,19.39999962,37,1,0.81,-0.039903189,15733483,5000000,1.805,437,13908,12987,299,854,111,108,208
ICXT,ICX TECHNOLOGIES INC,3826,16,19,17,12.85000038,94,1,-3.81,-0.019999416,33471939,5000000,90.16,712,18370,16214,448,1136,71,203,211
IFO,INFOSONICS Corp ,5065,6,6.5,5.5,2.925,139,0,0.36,0.019074146,5212000,2000000,65.093,193,5232,4434,140,167,31,38,62
IKAN,"IKANOS COMMUNICATIONS, INC.",3661,12,12,10,129.9999695,454,1,-3.6,-0.022858005,23795676,6400000,66.676,1750,49056,43952,1058,2729,284,944,883
IL,"IntraLinks Holdings, Inc. ",7374,13,16,14,13,116,1,-0.5,0.050248012,49284964,11000000,140.699,795,25932,23573,597,1437,182,224,247
ILSE,INTRALASE CORP ,3845,13,13,11,16.25,132,1,-0.63,0.039421514,25429965,6636314,25.429,377,9992,9024,241,458,40,88,117
IMI,INTERMOLECULAR INC ,3674,10,14,12,9.5,112,1,-0.04,-0.050974646,42133168,96500000,42.674,477,14652,13114,341,678,73,123,184
IMMC,IMMUNICON CORP,3826,8,11,9,9.5,130,1,-37.9,0.02209238,21933633,6000000,2.974,320,8590,7776,200,455,46,61,91
INCX,LOCAL Corp,7389,8,10,8,7.65,112,0,0.03,0.039048478,5842736,2750000,8.784,232,6379,5660,162,356,22,42,65
INET,"INTERNET BRANDS, INC. ",7389,8,12,10,8,119,1,2.23,-0.067296178,41767897,6000000,84.804,382,9800,8989,240,545,62,79,127
INHX,"INHIBITEX, INC.",2836,7,12,10,7.21999979,93,1,-54.19,0.018783088,17495610,5000000,1.096,249,6457,5882,137,375,40,58,94
INPC,INPHONIC INC,4899,19,17,15,24,155,1,-0.87,0.070234284,32239547,7500000,136.136,624,15272,13465,379,724,58,111,131
INVN,InvenSense Inc,3674,7.5,8.5,7,8.899999619,506,1,0.19,0.015450982,79322687,10000000,79.556,423,12853,11647,297,758,79,80,125
INWK,INNERWORKINGS INC,2790,9,9,8,10.44999981,98,1,0.11,0.01972689,44014319,10590000,76.87,385,9315,7874,225,398,37,35,82
IOMI,"INTERCELL USA, INC.",2834,7,9,7,6.800000191,121,1,-,-0.00425734,16897388,5000000,-,330,8777,7987,198,504,69,69,142
IPAS,IPASS INC ,7389,14,11,9,18.67000008,181,1,2.34,0.026413281,58710175,7000000,92.83,284,7061,6236,172,319,21,55,52
IPCM,"IPC Healthcare, Inc. ",8090,16,17,15,20.47999954,147,1,-0.06,-0.092879331,14811809,5200000,190.002,366,10413,9315,247,559,37,120,99
IPDN,"Professional Diversity Network, Inc.",7370,8,12,10,7.670000076,286,0,3.04,-0.001710115,3693227,2625000,6.154,267,8492,7699,186,418,47,53,85
IPGP,IPG PHOTONICS CORP,3674,16.5,15.5,13.5,25.60000038,124,1,0.12,-0.014063667,42880267,9000000,96.385,454,11688,10597,259,547,69,108,121
IPHI,INPHI Corp,3674,12,12,10,15.30000019,148,1,0.3,0.050257358,24048849,6800000,58.852,487,12754,11894,308,709,87,148,186
IPHS,"Innophos Holdings, Inc. ",5160,12,13,12,12.06999969,106,1,0.49,-0.006352244,20270463,8695652,535.328,546,12934,11533,291,632,119,181,135
IPI,"Intrepid Potash, Inc. ",1400,32,29,27,50.40000153,124,1,0.4,0.017209259,74843124,30000000,213.459,456,11938,10797,297,618,64,133,137
IPMT,"iPayment, Inc.",7389,16,16,14,21.02000046,157,1,-0.38,0.066996436,14690779,5000000,115.813,364,8513,7478,184,484,34,76,71
IRWD,IRONWOOD PHARMACEUTICALS INC,2834,11.25,16,14,11.64999962,75,1,-0.75,-0.04314028,94912889,16666667,36.102,663,20531,18625,482,1213,199,146,389
ISLN,"Isilon Systems, Inc.",3572,13,12,11,23.10000038,105,1,-0.32,-0.006315605,60493187,8350000,21.083,502,14256,12246,315,638,45,80,138
ITC,ITC Holdings Corp. ,4911,23,21,19,8.800000191,119,1,0.03,0.043750231,33217753,12500000,126.449,494,13603,12087,321,790,32,89,121
ITLN,INTELLON CORP ,3674,6,11,9,6.75,155,1,-0.26,0.033730031,29945227,7500000,33.718,397,9988,9000,246,570,45,81,127
IVII,INTERVIDEO INC,7372,14,13,11,18.69,168,0,3.15,0.092895805,12397139,2800000,45.494,463,11323,10198,286,515,28,126,116
IWA,IOWA TELECOMMUNICATIONS SERVICES INC,4813,19,20,18,20.79999924,223,1,0.63,0.047434549,30864195,19111213,205.509,469,12809,11375,295,589,58,120,152
JOR,JORGENSEN EARLE M CO,5051,10,13,11,9,196,1,-2.96,-0.021551775,48517110,17600000,1040.367,432,12603,11101,278,550,87,124,106
KAR,"KAR Auction Services, Inc.",5010,12,17,15,12.02999973,88,1,-1.64,0.013508915,131853660,25000000,1771.4,339,8847,8067,221,481,56,156,116
KBAY,KANBAY INTERNATIONAL INC,7371,13,15,13,15.19999981,133,1,0.68,-0.082872068,32359870,7150000,107.153,443,11492,10055,277,546,70,119,126
KCI,KINETIC CONCEPTS INC,2590,30,29,27,40.40000153,55,1,1.03,-0.026854816,64813515,18000000,763.836,515,11902,10394,265,537,68,121,147
KEYW,KEYW HOLDING CORP ,7373,10,12,10,11.38000011,106,0,-0.09,0.058492161,23786838,9100000,39.037,441,11034,10178,254,613,50,82,140
KFI,KKR Financial Holdings LLC,-,-,-,-,-,-,-,-,-,-,-,-,246,527,9046,355,10277,64,48,123
KIOR,Kior Inc ,2860,15,21,19,15,74,1,-0.45,-0.01774889,39133134,10000000,-,514,12918,11924,298,795,69,90,170
KIPS,"Kips Bay Medical, Inc.",3841,8,0,8,7.929999828,309,0,-0.7,0.040619988,15644291,2062500,0.223,341,9314,8647,218,519,55,119,102
KNOL,KNOLOGY INC ,4812,9,14,12,9.380000114,78,1,-52.2,-0.015498482,22775117,6000000,141.866,528,11552,10070,273,576,51,76,92
KNTA,KINTERA INC ,7372,7,10,8,10.30000019,84,0,-0.9,-0.001174115,22807556,5000000,1.933,224,5163,4730,123,315,19,34,78
KNXA,KENEXA CORP,7372,12,16,14,12.05000019,73,0,-0.31,0.000917632,16694513,5000000,46.301,443,11501,10273,279,654,52,98,136
KONA,KONA GRILL INC,5812,11,11,10,12.69999981,74,0,0.05,-0.017173042,5296530,2500000,25.05,371,8284,7539,180,450,56,67,111
KORS,Michael Kors Holdings Ltd ,3100,20,19,17,24.20000076,13,1,0.21,0.03490608,190792868,47200000,508.099,383,14009,11364,307,490,67,92,110
KRA,Kraton Corp,2821,13.5,18,16,13.51000023,77,1,0.96,0.016630012,29709114,10294118,1226.033,484,12204,10857,284,574,117,155,154
LDIS,LEADIS TECHNOLOGY INC,3674,14,14,12,13.10000038,84,1,0.62,0.040141203,27415082,6000000,84.456,380,8106,7248,184,416,41,51,115
LGBT,PLANETOUT INC,7373,9,11,9,103.9999695,168,0,-2.4,0.021412189,16140403,4650000,19.099,376,8584,7713,207,605,40,64,128
LHCG,"LHC Group, Inc",8082,14,14,12,17.10000038,195,0,0.77,0.014065942,16591870,4800000,122.98,525,12623,11114,299,631,39,101,123
LIMC,LIMCO-PIEDMONT INC,4581,11,11.5,9.5,13.30000019,94,0,0.34,0.030329681,12765000,4400000,59.021,346,9074,7890,205,415,27,52,128
LIMS,STARLIMS Technologies Ltd ,7372,13.5,15.5,13.5,13.52999973,20,0,0.44,0.003843745,8595000,2100000,19.765,384,9849,8738,252,624,61,86,132
LINC,LINCOLN EDUCATIONAL SERVICES CORP,8200,20,21,19,20.17000008,86,1,0.6,-0.001253815,24710985,4000000,261.275,428,11456,10163,249,647,55,75,111
LLNW,"Limelight Networks, Inc. ",7389,15,14,12,22.18000031,78,1,-0.05,0.002046755,79433587,16000000,64.343,422,14422,12311,282,641,61,145,165
LMAT,LEMAITRE VASCULAR INC ,3841,7,10,8,6.199999809,177,1,0,0.028767031,15272064,5500000,30.727,500,11490,10438,277,556,61,151,149
LNKD,LINKEDIN CORP,7370,45,45,42,94.25,112,1,0.16,-0.017276778,94498627,7840000,243.099,562,14212,13015,350,821,119,76,156
LOCK,"LIFELOCK, INC. ",7374,9,11.5,9.5,8.359999657,36,1,-0.5,0.001083693,86308363,15700000,193.949,694,24245,20297,511,997,111,213,219
LOGM,"LogMeIn, Inc.",7372,16,16,14,20.02000046,537,1,-0.25,-0.007217187,21383301,6666667,51.723,643,18855,16338,436,849,70,108,169
LPI,"Laredo Petroleum, Inc.",1311,17,20,18,18.10000038,113,1,0.77,0.03490608,125000000,17500000,242.004,609,17711,15766,412,825,112,206,257
LPR,Lone Pine Resources Inc. ,1311,13,20,18,12.54,164,1,0.4,-0.019102443,85019231,15000000,146.047,369,11485,10647,270,600,52,138,126
LQDT,LIQUIDITY SERVICES INC ,7389,10,11,9,12.28999996,101,1,0.22,-0.011441967,27329554,7687362,89.415,576,13753,12199,314,775,47,53,179
LTM,"LIFE TIME FITNESS, INC.",7997,18.5,19,17,21,103,1,0.85,0.006311126,33209142,9900000,256.942,385,9769,8674,231,441,29,45,80
LULU,lululemon athletica inc.,5600,18,17,15,14.99,90,1,0.01,-0.039757111,67516728,18200000,84.129,622,20593,17579,412,838,96,152,165
LUNA,LUNA INNOVATIONS INC,8731,6,8,6,6,112,0,-0.2,-0.022464022,9734326,3500000,16.454,327,9763,8975,241,493,64,53,98
LVS,LAS VEGAS SANDS CORP,7011,29,26,24,46.56000137,103,1,54.6,0.043563711,350589263,23809524,691.754,470,14397,12765,328,634,64,112,164
LZEN,Lizhan Environmental Corp ,2200,4,6,5,-,-,-,21.612,-,13643750,2500000,21.612,373,10261,9189,236,483,54,64,170
MA,Mastercard Inc,7389,39,43,40,4.599999905,252,1,0.267,-0.06045498,75017845,61520912,2937.628,505,11840,10824,265,788,78,109,123
MACK,MERRIMACK PHARMACEUTICALS INC,2834,7,10,8,6.039999962,265,1,-0.86,0.047521581,92396254,14300000,34.215,553,16635,15267,376,1101,138,128,273
MAKO,MAKO Surgical Corp.,3842,10,11,10,9.180000305,148,1,-1.12,-0.000806322,18438284,5100000,0.771,388,11047,9875,259,592,52,100,105
MANU,Manchester United plc ,7941,14,20,16,14,38,1,0.12,0.0273232,163685700,16666667,514.96,501,16095,14347,393,806,120,99,154
MAPP,"MAP Pharmaceuticals, Inc.",2834,12,16,14,13.35000038,109,1,-1.34,0.041627818,19272409,5000000,-,293,8098,7291,171,465,46,58,104
MASI,MASIMO CORP,3845,17,18,16,20.89999962,113,1,3.45,-0.049862597,52816788,11916626,224.338,578,14609,13049,355,690,60,183,130
MATH,SAJAN INC,3674,6,8,6,0,85,0,-0.95,0.007191348,15704952,4000000,130,235,5674,5085,132,284,27,66,63
MBLX,"YIELD10 BIOSCIENCE, INC.",8731,14,14,12,93.12002563,119,1,-2.56,0.012849097,19394430,6800000,2.781,331,8576,7817,207,595,76,92,111
MBRX, METABASIS THERAPEUTICS INC,2834,7,13,11,6.66,134,1,-23.84,0.040141203,17865715,5000000,9.124,221,5786,5130,129,336,51,34,71
MCP,"Molycorp, Inc.",3390,14,17,15,12.85,104,1,-0.35,0.041103818,81250000,28125000,7.093,376,10252,9578,255,618,57,109,140
MDAS,MEDASSETS INC,7374,16,16,14,20.5,111,1,0.21,0.048222319,42861675,13300000,144.235,820,18925,16807,432,1074,83,181,214
MDMD,MediaMind Technologies Inc.,7389,11.5,16,14,11,154,1,0.55,0.038980954,17901592,5000000,65.075,471,13152,11880,333,604,110,94,176
MDSO,"Medidata Solutions, Inc. ",7389,14,13,11,8.5,150,1,0.115,-0.029923217,22353696,6300000,140.4,606,16041,14425,380,980,75,162,180
MEDE,"MEDecision, Inc.",7371,10,13.5,11.5,10,124,1,0.58,-0.014063667,14941729,4700000,38.596,800,23058,20820,527,1347,97,288,189
MEDH,MMODAL INC.,7374,8,12,10,9.05,109,1,0.17,0.009448254,50947467,4500000,417.326,352,10898,9710,244,677,66,131,89
MELA,"STRATA Skin Sciences, Inc. ",3841,5,6.5,5.5,77.09998,147,0,-2.58,-0.013351642,10513164,4000000,-,252,5311,4917,128,318,24,47,78
MEMS,MEMSIC Inc,3674,10,13,11,10.25,77,1,0.02,0.033730031,22615714,6000000,13.118,550,17709,15021,349,869,86,106,169
MEND,MICRUS ENDOVASCULAR CORP,3841,11,14,12,11.01000023,104,0,-0.83,0.012479815,13691021,3250000,24.012,295,8387,7625,188,447,46,126,95
MFLX,MULTI FINELINE ELECTRONIX INC,3672,10,14,12,10.03999996,71,0,0.39,0.030198862,23257835,5566508,129.415,423,9580,8746,217,446,55,92,91
MG,"Mistras Group, Inc. ",8711,12.5,16,14,12.57999992,485,1,0.28,0.001233781,26458778,8700000,152.268,593,15155,13553,367,832,89,153,219
MHGC,Morgans Hotel Group Co.,7011,20,21,19,19.88999939,110,1,-0.42,-0.011466887,33500000,18000000,278.593,541,13330,11790,318,576,91,115,128
MIPI,"Molecular Insight Pharmaceuticals, Inc.",2834,14,16,14,14.09,451,0,-1.11,-0.009227862,24639622,5000000,0.325,501,14149,12818,333,727,101,80,145
MJN,Mead Johnson Nutrition Co ,2000,24,24,21,26.43000031,54,1,1.97,0.011375196,127655429,30000000,2882.4,366,10319,9273,244,510,85,111,99
MKTG,RESPONSYS INC,7372,12,10,8.5,15.39999962,119,1,0.19,0.001624294,44106658,6619654,94.071,446,11854,10912,293,663,53,89,110
MLNX,"Mellanox Technologies, Ltd.",3674,17,16,14,20,133,1,0.25,0.016234824,28899947,6000000,48.539,309,8062,7131,176,554,31,88,237
MM,Millennial Media Inc.,7311,13,11,9,25,84,1,0,0.047521581,74890038,10200000,103.678,560,16053,14755,395,818,70,108,145
MNKD,MANNKIND CORP,2834,14,15,13,14.07999992,89,1,-3.63,-0.045963194,32391461,6250000,-,206,5658,5113,138,364,19,61,78
MNTA,MOMENTA PHARMACEUTICALS INC,2836,6.5,9,7,7.809999943,103,1,-2.56,-0.005204731,24563183,5350000,7.832,190,5199,4746,118,329,65,27,63
MOH,MOLINA HEALTHCARE INC,6324,17.5,18,16,13.33333302,184,1,1.02,-0.002084846,25398826,6600000,644.161,251,5874,5164,136,260,30,28,72
MOTR,MOTRICITY INC,3663,10,11,10,84.02591,147,1,-6.85,0.011934978,39741120,6000000,113.695,540,19286,16701,430,1186,93,296,185
MOTV,MOTIVE INC,7372,10,13,11,10.14999962,199,1,0.02,0.030198862,25155448,5000000,97.969,463,12850,11437,316,780,39,134,165
MPO,"Midstates Petroleum Company, Inc. ",1311,13,18,16,149.99997,158,1,2.5,-0.022260884,65634353,24000000,209.433,411,12072,11008,285,601,54,134,142
MPWR,MONOLITHIC POWER SYSTEMS INC,3674,8.5,9,7,9.840000153,129,1,-0.2,0.050472908,26684018,5500000,24.204,451,11117,10085,278,523,43,190,122
MRC,MRC GLOBAL INC.,5084,21,23,21,21.04000092,1331,1,0.34,-0.012649891,101485198,22727273,4832.432,617,19118,16414,397,923,103,329,269
MRIN,MARIN SOFTWARE INC,7372,14,13,11,16.26000023,37,1,-0.86,0.01699966,30911322,7500000,59.558,581,15022,13793,361,878,77,109,193
MRT,MORTONS RESTAURANT GROUP INC,5812,17,16,14,17.9,69,0,0.07,-0.014457303,16098500,9465000,300.69,513,15504,13779,329,690,59,152,158
MTDR,Matador Resources Co,1311,12,16,14,11.75,174,1,-0.19,0.049162802,54719860,13333334,79.244,653,20152,18198,460,1055,112,202,294
MTSI,"MACOM Technology Solutions Holdings, Inc.",3674,19,19,17,20.54999924,227,1,-0.02,0.030940586,45259684,6000000,310.295,485,16532,13908,345,839,102,150,191
MUSA,METALS USA HOLDINGS,5051,21,20,18,19.2,690,1,0.14,0.019538152,37024842,11426315,1098.7,509,14943,13025,347,641,65,164,126
MXL,MAXLINEAR INC,3674,14,13,11,18.70000076,138,1,0.14,0.053363823,30411122,6444100,51.35,349,9967,9394,234,630,61,89,136
MYOG,MYOGEN INC ,2834,14,16,14,14.89999962,63,1,-42.59,0.013148884,25659470,5000000,2.343,304,7418,6550,171,478,38,53,82
N,NETSUITE INC ,7372,26,16,13,35.5,171,1,-0.6,-0.01946193,59510706,6200000,67.202,423,10456,9397,231,521,33,69,88
NAUH,"National American University Holdings, Inc.",-,-,-,-,-,-,-,-,-,-,-,-,290,8454,7137,192,384,45,68,139
NBY,"NovaBay Pharmaceuticals, Inc.",2834,4,6,4,-,-,-,1.533,-,21137782,5000000,1.533,382,9959,9215,237,534,73,88,132
NCIT,"NCI, Inc.",7373,10.5,12,10,12.17,84,0,0.68,-0.039947984,11928946,5150000,171.253,312,8379,7580,215,435,41,35,143
NCMI,"National CineMedia, Inc. ",7319,21,20,18,25.67000008,118,1,-0.28,0.016234824,93850951,38000000,219.3,415,12173,11189,259,625,44,91,84
NETL,NETLOGIC MICROSYSTEMS INC,3674,12,14,12,5.755000114,84,1,-5.505,-0.024457638,18877922,5775000,13.535,465,10931,9871,247,570,49,135,114
NEXT,NEXTEST SYSTEMS CORP,3825,14,16,14,17.1,110,1,-0.28,-0.009283826,16886928,5400000,648.447,411,10956,9806,252,492,66,60,128
NGSX,NeurogesX Inc ,2834,11,15,13,10.25,84,1,-2.47,0.028909796,12487898,4000000,-,260,7143,6591,151,420,45,56,97
NGVC,"Natural Grocers by Vitamin Cottage, Inc.",5411,15,15,13,17.86000061,37,0,0.16,-0.037302023,21803031,7142857,264.544,366,10221,8964,257,472,48,22,89
NHWK,NightHawk Radiology Holdings Inc,8090,16,14,12,20.64999962,127,1,-2.11,-0.014457303,29809571,6300000,64.062,587,15783,14466,358,871,50,115,183
NILE,BLUE NILE INC,5944,20.5,19.5,17.5,28.39999962,70,1,6.98,-0.030234717,17341239,3740000,128.894,197,5111,4591,122,241,26,38,73
NIV,"NIVS IntelliMedia Technology Group, Inc.",3651,3.5,4,3.25,-,-,-,101.048,-,39646207,550000,101.048,451,12594,11210,298,565,63,115,170
NLC,Nalco Holding CO,2890,15,19,17,16.20000076,77,1,-1.29,0.037531483,141663369,44444444,2766.6,603,15032,13483,349,952,132,183,199
NLSN,Nielsen Holdings plc ,7374,23,22,20,25,237,1,-,0.014041838,347629277,71428572,5126,832,28081,24205,617,1530,185,447,310
NOR,Noranda Aluminum Holding CORP,3334,8,9,8,61.60003,736,1,2.33,-0.053346743,53788232,10000000,769.9,686,23573,19544,496,1060,158,336,286
NOW,"ServiceNow, Inc. ",7372,18,17,15,24.60000038,91,1,0.08,0.012394383,120289770,11650000,92.641,739,20771,18748,480,1288,102,123,248
NPTN,NEOPHOTONICS CORP,3674,11,11,9,13.25,293,1,0.14,0.014589884,23474619,7500000,184.139,598,15935,14574,390,981,107,197,219
NPTT,NPTEST HOLDING CORP,3825,12,3,11,11.48999977,92,1,-,0.004354038,39945313,14600000,243.491,411,11737,10440,275,784,66,133,289
NSE,New Skies Satellites Holdings Ltd. ,4899,16.5,20,18,16.58,103,1,-322.55,0.028775085,30603664,11900000,210.677,568,15773,14308,349,929,101,124,197
NSPH,NANOSPHERE INC,2835,14,16,14,319.999939,80,1,-22.4,0.029424862,21118970,7000000,1.138,283,7465,6778,174,418,34,83,64
NSR,NEUSTAR INC ,7375,22,20,18,26,92,1,0.77,0.006842771,59763933,27500000,165.001,446,10562,9541,266,668,54,75,75
NSTC,NESS TECHNOLOGIES INC,7371,12,14,12,12.60000038,145,1,0.11,0.011457396,31021778,11672000,225.768,435,10926,9709,257,598,80,134,117
NSTR,"Northstar Neuroscience, Inc.",3845,15,14,12,16.60000038,65,1,-0.86,-0.001870803,24179971,7100000,-,245,6439,5925,155,369,26,64,76
NTGR,"NETGEAR, INC ",3577,14,12,10,17.69000053,112,1,-0.46,0.003952362,27228480,7000000,237.331,382,9919,8847,232,471,45,99,93
NURO,"NeuroMetrix, Inc.",3841,8,12,10,1159.200562,70,1,-786.239,-0.082872068,11568466,3000000,9.168,358,8862,7668,199,388,51,57,106
NVT,NAVTEQ CORP,7372,22,22.5,20.5,25.29999924,108,1,2.81,-0.030876898,87621435,40000000,273.623,443,11662,10558,282,657,113,131,183
NXPI,NXP Semiconductors N.V. ,3674,14,21,18,14,112,1,-0.7,0.050248012,249251500,34000000,2843,961,30032,26260,685,1437,185,679,197
NXST,NEXSTAR BROADCASTING GROUP INC,4833,14,16,14,13.25,578,1,-9.66,-0.034979351,24792293,10000000,133.839,706,18937,16662,437,901,37,156,169
NXTM,"NxStage Medical, Inc.",3845,10,12,11,11.76000023,100,1,-1.01,0.007191348,20191521,5500000,1.885,388,11210,9878,256,498,52,100,84
NZ,NETEZZA CORP ,3571,12,11,9,17.39,119,1,-0.25,0.030329681,55631079,9000000,53.851,581,15332,13789,369,734,89,120,155
OAS,Oasis Petroleum Inc,1311,14,15,13,14.88000011,105,1,-0.16,0.048825833,92215295,42000000,37.755,517,15950,14048,359,867,73,188,187
OCLS,"Sonoma Pharmaceuticals, Inc. ",3841,8,10,8,54.6,206,0,-5.6,0.01713078,11424209,3025000,2.584,418,11971,10586,287,655,60,140,136
OCNF,OCEANFREIGHT INC.,4412,19,21,19,1158.599731,16,1,-,0.030930353,10781579,10750000,-,211,5205,4940,123,224,20,39,82
ODMO,Odimo INC,5944,9,10,9,8.75,214,1,-6.91,0.031283528,7161923,3125000,52.244,296,8096,6550,178,329,22,52,91
OESX,"ORION ENERGY SYSTEMS, INC.",3646,13,14,12,21.40999985,121,1,-0.06,-0.019500883,25399265,7692308,33.28,548,18109,15431,363,879,88,186,159
OLED,"CAMBRIDGE DISPLAY TECHNOLOGY, INC.",8731,12,15,13,8.090000153,139,0,-1.51,0.03686689,19500000,2500000,10.68,332,9631,8555,233,458,40,65,91
OMER,OMEROS CORP,2834,10,12,10,8.729999542,638,1,-1.12,0.001233781,21287580,6820000,1.17,518,13775,12542,309,807,107,116,177
OMPI,"Obagi Medical Products, Inc. ",2834,11,15,13,10.10000038,92,1,0.41,-0.017349397,21799183,5350000,64.941,649,16463,14907,360,815,95,196,189
OMRI,"Omrix Biopharmaceuticals, Inc.",2836,10,17,15,10.02999973,93,1,-1.94,0.008953658,14316371,3437500,27.499,398,10639,9654,242,611,53,81,98
ONE,"Higher One Holdings, Inc.",7389,12,17,15,14.27000046,85,1,0.26,0.048825833,55071499,9000000,75.517,422,14868,12648,321,785,47,76,110
OPTM,OPTIUM CORP,3674,17.5,15.5,13.5,19.60000038,120,1,-0.55,0.033064405,24507307,5200000,37.076,373,10201,9240,227,623,56,75,210
OPTR,OPTIMER PHARMACEUTICALS INC,2834,7,9,8,8.5,92,1,-0.55,0.012946018,21747659,7000000,0.933,266,7166,6539,162,436,57,59,98
OPTT,"Ocean Power Technologies, Inc. ",3629,20,22,20,178.3999634,163,1,-70,0.030930353,10177219,5000000,1.748,286,9924,8553,212,552,58,124,138
OPXT,OPNEXT INC,3674,15,15,13,17.39999962,111,1,-0.49,0.018573388,62012694,16909375,151.691,381,10998,9515,271,484,62,108,110
ORA,"ORMAT TECHNOLOGIES, INC.",4911,15,17,15,15.67000008,113,1,0.66,0.037531483,30624996,6250000,119.44,593,18302,16463,409,959,77,117,164
ORBC,ORBCOMM Inc.,4899,11,14,12,7.75,175,1,0.89,-0.010683513,36304118,9230800,13.427,558,17240,15465,399,1028,74,159,189
OREX,"Orexigen Therapeutics, Inc. ",2834,12,13,11,13,128,1,-10.6,0.036191587,25860270,7000000,0.088,246,6803,6088,154,378,43,46,116
OSIR,"OSIRIS THERAPEUTICS, INC. ",2836,11,13,11,11,84,0,-0.96,0.024346162,27139440,3500000,3.97,328,8402,7601,204,450,62,43,109
OVNT,OVERNITE CORP,4213,19,19,17,22.15999985,88,1,2.46,0.008901471,27913000,25000000,1351.788,572,14802,12751,367,679,88,138,146
OWW,"Orbitz Worldwide, Inc.",4700,15,18,16,14.5,71,1,-1.76,0.036830797,82912526,34000000,752,631,16831,15514,401,1005,99,171,222
P,"Pandora Media, Inc. ",7370,16,9,7,17.42000008,124,1,-0.1,-0.028885266,159727692,14684000,5.189,490,13637,12461,333,733,75,80,171
PA,PanAmSat Holding CORP ,4899,18,21,19,17.35000038,87,1,-0.64,-0.017606702,122580623,50000000,827.07,1095,29425,26759,668,1638,105,435,382
PANW,Palo Alto Networks Inc,3577,42,40,38,53.13000107,105,1,-0.19,0.041093967,66601444,6200000,118.597,522,15148,13971,351,762,81,141,181
PAR,PAR TECHNOLOGY CORP,3572,14,13,11,4.579999924,94,1,0.4,-0.067296178,60015700,7500000,208.617,493,14045,12667,350,714,49,88,114
PAY,"VERIFONE SYSTEMS, INC. ",3578,10,14,12,10.75,108,1,0.01,-0.048272217,65054798,15400000,390.088,508,15046,13057,381,741,117,125,148
PBH,"Prestige Brands Holdings, Inc.",2834,16,16,14,17.75,197,1,-,0.002730527,50000000,28000000,87.92,625,15584,12784,369,510,79,110,83
PCRX,"PACIRA PHARMACEUTICALS, INC.",2834,7,16,14,7.019999981,94,0,-1.58,0.006680156,17232876,6000000,14.562,518,18297,16017,378,883,86,176,119
PCS,"T-Mobile US, Inc. ",4812,23,21,19,54.79999924,105,1,0.11,0.03576921,346248461,50000000,1546.863,887,21357,19095,494,1073,89,183,239
PEC,Pike Corp,1731,14,16,14,14.36,100,1,0.53,0.053257908,31832864,13500000,356.697,519,12825,11522,288,684,48,115,139
PFMT,Performant Financial Corp ,7380,9,14,12,10.60000038,38,1,0.27,0.0273232,45148986,9000000,162.974,275,8877,8084,203,348,52,118,102
PFWD,Phase Forward Inc ,7389,7.5,10,8,9.350000381,122,1,-4.23,-0.051449425,31706936,5250000,62.025,503,13017,11965,294,667,55,124,150
PGTI,"PGT Innovations, Inc.",3442,14,18,16,15.5,107,1,0.32,-0.022729585,24573012,8823529,332.813,441,11826,10502,288,499,67,96,89
PHRM,PHARMION CORP,2834,14,16,14,14,77,1,-57.8,0.006934921,23929223,6000000,4.735,217,4882,4403,124,284,15,30,48
PINN,"Pinnacle Gas Resources, Inc. ",1311,9,12,10,8.590000153,145,1,-0.6,0.006652611,28928301,3750000,19.937,431,10316,9096,223,504,39,121,119
PLOW,"DOUGLAS DYNAMICS, INC ",3531,11.25,11.75,11.25,11.28999996,96,1,0.46,-0.030450897,21256253,10000000,174.342,391,11316,10271,255,547,58,102,194
PLTE,"Claymont Steel Holdings, Inc. ",3312,17,17,15,18.44000053,134,0,1.83,0.005649853,17566754,8700000,333.408,466,9825,8650,205,412,49,85,77
PMII,"Power Medical Interventions, Inc.",3841,11,14,12,11.78999996,165,1,-1.71,-0.012548145,16529395,3850000,7.881,353,9198,8349,206,531,59,110,90
PODD,INSULET CORP ,3841,15,16,14,15.96000004,90,1,-1.4,0.006652611,25633237,7700000,3.663,298,7838,7137,170,399,47,72,82
PPO,"Polypore International, Inc. ",3999,19,22,20,18.03000069,106,1,-0.73,0.021872904,40306928,15000000,479.677,523,13529,12199,337,773,98,182,176
PRAI,PRA International,8731,19,18,16,21,157,1,0.83,0.047434549,21849072,6000000,289.997,334,8406,7431,207,442,56,82,132
PRGN,Paragon Shipping Inc.,4412,16,9.11,9.11,144.99997,67,1,0.14,-0.045154848,23887444,10300000,4.729,369,10227,9092,231,362,40,67,83
PRLB,Proto Labs Inc ,3440,16,15,13,29,214,1,0.78,0.033823206,23187708,4300000,98.939,362,9941,9013,223,492,58,78,153
PRMW,Primo Water Corp,5149,12,13,11,12.94999981,238,0,-0.63,0.045414897,19023887,8333333,46.981,380,11176,9368,259,488,54,82,104
PROJ,"DELTEK, INC",7372,18,19,17,17.95000076,177,1,0.36,0.029424862,43034042,9000000,228.268,694,17383,15758,406,1053,98,147,213
PRSC,PROVIDENCE SERVICE CORP,8322,15.75,12,10,14,61,0,-0.25,0.006841376,9130845,2641207,59.276,466,12278,11167,291,554,47,76,140
PRSS,CAFEPRESS INC. ,5900,19,18,16,19.03000069,293,1,0.21,0.047521581,16978700,4500000,175.482,505,14582,13430,340,834,82,115,187
PRTS,"U.S. Auto Parts Network, Inc.",5531,10,12,10,11.89999962,99,1,-,0.012946018,29832927,10000000,-,355,8667,7959,202,527,35,86,133
PRVD,PROVIDE COMMERCE INC,5961,15,16,14,13,86,0,-0.02,-0.009001222,11360834,4334000,70.245,329,8430,7456,213,393,34,82,104
PSMI,PEREGRINE SEMICONDUCTOR CORP,3674,14,16,14,14.71000004,628,1,-0.32,0.021811326,22384097,5500000,107.771,531,14026,12920,326,764,73,136,179
PSPT,"PeopleSupport, Inc. ",7389,7,12,10,6.5,144,0,0.67,0.006072283,17340933,6818182,30.013,483,12658,11451,0,800,67,161,152
PTEK,"POKERTEK, INC.",3990,11,12,10,25.62500191,71,0,-0.25,-0.032698904,9234270,2000000,-,177,3271,3003,70,168,17,23,41
PUMP,ANIMAS CORP,3842,15,15,13,18,87,1,-6.64,-0.030234717,18531753,4250000,34.12,363,7911,7012,196,351,61,76,80
QLIK,QLIK TECHNOLOGIES INC ,7372,10,9.5,8.5,12.80000019,106,1,0.09,0.012058317,74957594,11200000,157.359,493,14676,13424,359,814,125,93,182
QLTY,QUALITY DISTRIBUTION INC ,4213,17,17,15,18.75099945,70,1,-7.19,0.035379569,18012311,7000000,516.538,292,8316,7393,203,488,40,137,78
QLYS,"QUALYS, INC.",7372,12,13,11,14.15999985,112,1,0.07,0.003673002,30050974,7575000,76.212,443,13349,12257,318,721,73,114,171
QNST,"QUINSTREET, INC",7389,15,19,17,15,84,1,0.38,-0.054119919,44912597,10000000,260.527,539,16189,0,387,742,59,160,170
QXM,"Qiao Xing Mobile Communication Co., Ltd. ",3661,12,13,11,11.31,16,1,0.92,0.030478264,52500000,13333334,326.113,581,17651,15584,429,888,122,128,185
RA,RAILAMERICA INC /DE ,4011,15,18,16,13.75,77,1,0.3,0.00526409,54346930,22000000,508.466,463,13494,11684,329,592,92,204,90
RACK,Silicon Graphics International Corp ,3571,12,13,11,12.2,126,1,-0.2,0.016412268,20027711,6250000,839.002,764,18724,16859,413,942,74,138,196
RAIL,"FreightCar America, Inc.",3743,19,18,16,21.03000069,20,1,-3.76,-0.013320563,12532700,8500000,482.18,529,15083,13834,354,723,90,184,222
RBCN,"Rubicon Technology, Inc. ",3674,14,14,12,17.5,72,1,-0.4,-0.067296178,19239637,6700000,20.752,421,10810,9741,256,463,53,157,139
RCH,"CHINA CGAME, INC.",-,3.5,-,-,-,-,-,-,-,50737000,737000,-,322,9820,8893,230,410,61,92,91
RDYN,Cardiovascular Systems Inc ,2834,10,16,14,100.9999771,84,1,-2.18,-0.022729585,26426497,4500000,0.441,516,13187,12178,305,869,85,137,187
REDE,REDENVELOPE INC ,5960,14,16,12,14.55,104,0,-53.04,-0.012915449,8504568,2200000,55.778,310,6397,5763,124,312,28,62,101
REGI,"Renewable Energy Group, Inc. ",2860,10,15,13,10.10000038,185,1,3.1,0.060035899,28650943,7200000,824.031,862,24598,22049,561,977,100,175,232
REST,"Restore Medical, Inc.",3842,8,11,9,8.18999958,65,1,-0.44,-0.039048014,15251225,4000000,4.854,407,11124,9835,272,619,53,98,111
REXX,REX ENERGY CORP,1311,11,13,11,10.13000011,89,0,0.12,-0.002117746,30794702,9600000,44.672,440,11841,10575,264,589,58,120,159
RGLS,Regulus Therapeutics Inc.,2834,4,12,10,-,-,-,13.789,-,34130393,11250000,13.789,344,11091,10333,258,677,129,87,154
RHEO,TearLab Corp ,3841,12,12,10,281.99985,122,1,-0.62,0.035579854,41759569,8400000,0.39,342,9041,7871,208,361,28,58,75
RKUS,RUCKUS WIRELESS INC,3577,15,15,13,12.25,42,1,0.06,-0.048669477,73685793,8400000,120.023,400,11240,10383,257,576,47,77,113
RLD,RealD Inc.,"3663, 3861, 6794",16,15,13,19.51000023,98,1,-0.33,0.012058317,47638374,12500000,39.675,629,15904,14741,364,899,104,139,227
RLOC,ReachLocal Inc,7311,13,19,17,14.97999954,149,1,0.44,-0.085454588,27138285,4166667,203.117,513,14793,13815,345,926,76,133,159
RNDY,"Roundy's, Inc.",5411,8.5,12,10,9,65,1,1.07,0.049463654,44823713,19181818,3841.984,458,12365,11299,305,674,105,116,124
RNET,"RigNet, Inc.",4899,12,16,14,12.55000019,75,1,-1.37,0.055238788,14544609,5000000,80.936,356,9580,8542,230,447,41,128,99
RNIN,"CREATIVE REALITIES,",7373,4,5,4,-,-,-,710.216,-,7310739,4500000,710.216,199,5073,4395,95,249,27,56,26
RNOW,RIGHTNOW TECHNOLOGIES INC ,7372,7,11,9,7,87,1,-0.19,-0.027805585,28485890,6300000,35.879,323,8265,7404,210,352,38,49,64
ROC,"Rockwood Holdings, Inc. ",2800,20,26,23,20,187,1,-3.12,-0.034511923,70717702,20408163,1743.5,1272,34247,30817,767,1911,283,540,340
ROLL,RBC Bearings INC,3562,14.5,16,14,15.27000046,91,1,0.04,-0.006455285,15468028,9288000,187.331,548,14038,12630,337,740,107,92,177
ROSG,Rosetta Genomics Ltd. ,2834,7,8.5,7.5,439.2004395,179,1,-40.8,0.01461849,11260298,3750000,-,220,7064,6350,153,421,45,48,77
ROX,Castle Brands Inc,2080,9,10,8,9,189,0,-1.47,0.02754865,12003539,3500000,10.705,445,12478,11192,261,609,72,138,136
RP,REALPAGE INC ,7372,11,15,13,14.52000046,105,1,0.48,-0.018144703,62305404,12300000,140.902,606,17716,16123,396,973,86,111,208
RRR,RSC Holdings Inc.,7359,22,25,23,19,99,1,1.78,0.011443571,103147591,20833333,1652.888,362,9770,8381,224,444,44,72,80
RRST,RR Media Ltd. ,4899,12.5,13,11,5.03,22,1,0.25,0.023764668,16672300,3800000,31.311,385,9930,8939,251,471,33,64,108
RRTS,"Roadrunner Transportation Systems, Inc. ",4731,14,16,14,13.75,658,1,0.01,-0.037189715,29542563,10600644,450.351,286,8283,7213,214,452,48,87,134
RST,ROSETTA STONE INC,7372,18,17,15,25.12000084,205,1,0.68,0.06424352,20314531,6250000,209.38,682,16095,14562,406,808,75,121,160
RUE,"rue21, inc",5600,19,18,16,24.29999924,64,1,0.38,-0.003981064,24160662,6765437,296.887,348,11578,9519,240,532,63,72,135
RVBD,"Riverbed Technology, Inc.",3576,9.75,8.5,7,7.650000095,154,1,-0.195,0.02965885,64763701,8800000,22.941,421,10870,9843,257,553,38,64,103
SAI,"Leidos Holdings, Inc. ",7373,15,15,13,51.07905,407,1,2.23,0.056474747,326072816,75000000,7187,724,20228,18756,482,1069,119,378,263
SAVE,"Spirit Airlines, Inc",4512,12,16,14,11.55,251,1,1.01,-0.019102443,71824668,15600000,781.265,571,16856,15128,374,792,111,204,145
SB,"SAFE BULKERS, INC. ",4412,19,22,20,18.89999962,13,1,3.88,0.01578159,54500000,10000000,172.057,636,20160,17884,434,737,98,120,142
SCMP,"Sucampo Pharmaceuticals, Inc. ",2834,11.5,16,14,12.26000023,409,0,0.52,-0.053282171,41729568,3750000,59.266,683,18691,16980,445,1098,119,179,132
SCOP,Scopus Video Networks Ltd. ,3669,7,9,7,7.239999771,25,1,-0.22,0.006272365,13103018,4500000,35.051,374,9410,8561,212,459,36,77,83
SCOR,"COMSCORE, INC.",7389,16.5,16,14,23.46999931,86,1,0.21,-0.008561623,27385274,5300000,66.293,452,12371,11373,297,682,37,95,139
SCTY,SOLARCITY CORP,4931,8,15,13,11.78999996,69,1,0.6,0.023037842,73079499,11500000,59.551,819,27253,23608,599,1288,118,202,287
SDXC,"Switch & Data Facilities Company, Inc.",4813,17,16,14,19,134,1,-0.75,0.016234824,33806677,11666667,111.831,583,14189,12654,325,766,82,242,128
SEM,SELECT MEDICAL HOLDINGS CORP,8060,10,13,11,10.09000015,427,1,0.14,0.065408295,156092873,30000000,2153.362,507,13509,12162,321,667,46,153,171
SENO,SENORX INC,3841,8,10,9,8.180000305,308,1,-0.95,0.012283636,14980572,5500000,25.509,404,10334,9164,242,511,52,89,110
SFLY,SHUTTERFLY INC,7384,15,15,13,15.55000019,92,1,1.23,0.050890499,23611128,5800000,83.902,388,10213,9071,243,500,58,68,118
SFSF,"SuccessFactors, Inc.",7372,10,10,8,13.25,123,1,-0.65,-0.081280054,49743807,10790000,32.57,494,16145,13928,341,840,53,160,185
SGOC,"SGOCO Group, Ltd. ",3663,5,7.5,6,5.050000191,32,0,1.64,0.050359092,17428089,1333333,67.874,311,8318,7466,211,384,67,60,118
SGTL,"SigmaTel, LLC",3674,15,13,11,19.79999924,78,1,-1.47,0.061566072,33569805,10000000,30.917,331,7477,6703,175,377,50,72,85
SGXP,"SGX PHARMACEUTICALS, INC.",2834,6,13,11,6,152,1,-4.02,-0.00425734,14200476,4000000,21.636,299,8109,7303,188,477,70,79,107
SHMR,Shamir Optical Industry Ltd.,3851,14,15,13,16,28,1,0.7,-0.001972269,16111332,4000000,71.269,392,9389,8371,223,479,38,63,110
SHO,"Sunstone Hotel Investors, Inc. ",7011,17,20,18,17,111,1,-0.71,0.019104792,19112556,21294737,460.702,461,10415,9583,245,577,57,167,102
SHOR,ShoreTel Inc ,3661,9.5,10.5,8.5,12.14999962,141,1,0.1,0.0244397,41255916,7900000,61.608,554,15549,13287,316,785,64,128,149
SIRF,SIRF TECHNOLOGY HOLDINGS INC,3812,12,12,10,15.30000019,72,1,0.45,0.000972226,43844859,11000000,73.147,338,7516,6900,165,451,26,81,132
SIRT,"Sirtris Pharmaceuticals, Inc.",2834,10,11,9,10.76000023,83,1,-0.62,0.011443571,27789114,6000000,-,321,8299,7499,186,455,30,64,110
SLCA,"U.S. SILICA HOLDINGS, INC. ",1446,17,18,16,16,198,1,0.57,0.039665551,8823529,11764705,295.596,359,11436,10074,255,611,60,127,132
SLRY,"SALARY. COM, INC.",7372,10.5,10,8,12.5,94,1,-0.24,0.018573388,15014577,5700000,15.299,419,11106,10022,256,597,39,93,112
SMA,Symmetry Medical Inc. ,3842,15,15,13,18.60000038,195,1,0.19,0.020595748,31853432,8000000,122.029,357,8347,7350,190,417,30,61,123
SMBI,SYMBION INC/TN,8011,15,15,13,18.62999916,81,1,1.66,-0.041772565,19605358,7200000,176.269,393,10274,9022,224,434,40,119,74
SMCI,"Super Micro Computer, Inc. ",3571,8,11.5,9.5,8.760000229,147,1,0.59,0.012283636,28623229,8000000,302.541,482,12130,10602,279,616,35,105,134
SN,Sanchez Energy Corp,1311,22,26,24,18.25,104,0,0.08,0.026934693,33000000,10000000,4.553,317,9108,8412,224,474,29,110,164
SNCR,SYNCHRONOSS TECHNOLOGIES INC ,7371,8,11,9,8.850000381,107,1,0.52,-0.037222283,24389995,7066054,54.218,364,9001,8087,209,483,40,49,92
SNMX,SENOMYX INC,8731,6,7,6,6.75,85,1,-10.03,-0.005204731,24677801,6000000,9.537,257,6231,5535,161,454,80,35,79
SNTA,"MADRIGAL PHARMACEUTICALS, INC.",2834,10,16,14,9.090000153,76,1,-,-0.013881475,33817434,5000000,-,364,10471,9584,229,624,54,89,125
SOLR,GT Advanced Technologies Inc.,3674,16.5,17.5,15.5,14.59,455,1,-0.13,0.043330388,142389994,30300000,60.119,561,13689,12221,309,727,92,88,151
SOMX,"Pernix Sleep, Inc.",2834,11,12,10,85.68000031,69,1,-38.08,-0.001271076,18026300,5000000,-,159,4187,3833,96,231,25,31,40
SPLK,SPLUNK INC ,7372,17,13,11,35.47999954,98,1,-0.04,-0.017381982,92529879,13500000,66.245,429,11731,10886,267,654,71,91,139
SPWR,SUNPOWER CORP,3674,18,18,16,25.45000076,84,1,-0.77,0.065600954,59809939,7700000,10.885,478,12045,11013,293,680,54,119,154
SQI,SCIQUEST INC,7372,9.5,11.5,9.5,12.27000046,182,0,1.2,0.057943766,20332489,6000000,36.179,609,15284,13905,356,766,63,127,168
SREV,"SERVICESOURCE INTERNATIONAL, INC.",7380,10,9,7.5,12.18000031,95,1,-0.04,-0.019044128,65506343,11940133,152.935,585,16213,15073,375,986,132,114,197
SRVY,GREENFIELD ONLINE INC ,8742,13,15,13,18.70000076,95,1,0.07,-0.050491997,16463563,5000000,25.868,409,10417,9371,266,501,70,96,125
SSNC,SS&C Technologies Holdings Inc,7372,15,15,13,15.07999992,93,1,0.31,0.021450493,69191228,10725000,270.915,458,14025,12623,323,827,101,114,173
SSNI,SILVER SPRING NETWORKS INC,3576,17,18,16,22,615,1,-1.97,0.02517254,45398561,4750000,196.737,693,19947,18405,438,1121,124,197,236
SSTK,"Shutterstock, Inc.",7389,17,15,13,21.65999985,150,1,0.66,-0.039903189,32838281,4500000,120.271,603,17315,15905,383,932,98,129,179
ST,Sensata Technologies Holding N.V.,3823,18,20,18,18.5,106,1,-0.16,0.047410915,171159377,31600000,1134.944,802,22928,20753,537,1279,136,285,320
STAK,ENTORIAN TECHNOLOGIES INC,3674,13,13,11,178.56,72,1,1.08,-0.041772565,50377395,10000000,71.355,402,9651,8743,226,627,54,73,134
STAR,"STARENT NETWORKS, CORP.",3663,12,11,9,14.01,92,1,-0.62,-0.008561623,62417462,10534841,81.061,569,13598,12469,344,742,46,83,166
STNG,Scorpio Tankers Inc.,4412,13,16,14,12.56000042,42,1,-0.14,0.021450493,5589147,12500000,38.798,411,9824,8795,225,357,37,86,93
STRI,"STR HOLDINGS, INC.",3081,10,13,11,39.30000305,30,1,2.34,-0.026642223,41349710,12300000,288.578,634,19104,17017,426,942,82,191,169
STRL,STERLING CONSTRUCTION CO INC,1600,15,-,-,-,-,-,-,-,10186881,2021758,-,310,7195,6393,172,325,44,65,85
STXS,"Stereotaxis, Inc.",3845,8,16,14,69.71009827,97,1,-13.8,-0.055101058,26634030,5500000,5.015,345,8557,7810,191,507,56,59,126
SUSS,Susser Holdings CORP ,5412,16.5,18,16,18,160,1,-1.82,0.028767031,15849162,6500000,1896.264,663,14201,12491,317,680,55,135,119
SVR,SYNIVERSE HOLDINGS INC,4899,16,22,20,16,90,1,-0.41,0.002730527,67667226,17620000,332.403,680,17803,15614,423,891,72,279,162
SWFT,SWIFT TRANSPORTATION Co,4213,11,15,13,11.10000038,147,1,-3.27,0.031816118,133416713,73300000,2571.353,772,25947,23164,587,1143,138,313,289
SWI,"SolarWinds, Inc. ",7372,12.5,11.5,9.5,13.75,425,1,0.35,0.013423012,64186348,12116279,93.135,586,16155,14633,379,926,91,71,187
SWSI,"Superior Well Services, INC",1389,13,13,11,18.32,84,0,0.53,0.04125354,18536667,5620000,76.041,396,10731,9412,256,589,50,80,151
SXC,"SunCoke Energy, Inc. ",3312,16,17,15,17,120,1,1.99,0.023098674,70000000,11600000,1317.039,787,22491,19984,518,1111,146,206,197
SXE,"Southcross Energy Partners, L.P. ",4922,20,21,19,22.35000038,196,1,-0.33,-0.010175504,12213713,9000000,523.149,319,8799,8006,204,498,45,54,81
SZYM,"TerraVia Holdings, Inc. ",2860,18,17,15,20.71,77,1,-0.34,-0.01592639,57739089,10975000,-,627,17554,16000,387,1018,112,138,217
TARG,TARGANTA THERAPEUTICS CORP.,2834,10,14,12,9.4,152,1,-1.5,0.044370816,20969174,5750000,-,411,15574,13386,288,784,80,128,231
TAST,"CARROLS RESTAURANT GROUP, INC.",5812,13,16,14,4.233877182,84,1,-0.2,-0.006315605,21625540,10000000,706.91,646,20448,18028,447,1207,92,272,136
TBSI,TBS INTERNATIONAL LTD,4412,10,12,11,10.05,109,1,2.02,0.000917632,27694957,8160000,208.807,305,9213,8040,211,393,36,49,66
TDG,TransDigm Group INC,3728,21,22,20,24.10000038,85,1,117.4,0.004334251,44201628,10954570,374.253,430,14058,12853,312,709,70,165,182
TEA,Teavana Holdings Inc ,5499,17,15,13,27.79999924,91,1,0.14,-0.03930505,38040518,7142858,90.262,379,11153,9913,256,475,56,52,189
TEU,BOX SHIPS INC.,4412,12,17,15,11,10,1,-,0.004669618,16113000,11999999,-,208,6750,6382,144,314,13,49,65
TFM,"Fresh Market, Inc. ",5411,22,20,18,32.11000061,186,1,1.03,0.045414897,47991045,13175000,861.931,411,14254,11989,335,624,106,100,137
TGH,TEXTAINER GROUP HOLDINGS LTD,7359,16.5,21,19,17,14,1,1.18,0.044370816,47604640,9000000,226.462,393,10994,9609,247,452,55,90,90
THLD,THRESHOLD PHARMACEUTICALS INC,2834,7,16,14,42.83999252,301,1,-6.66,-0.006417682,29254907,5333333,-,278,6854,6129,155,369,27,40,84
THR,"Thermon Group Holdings, Inc. ",3629,12,14,12,12.27999973,92,1,0.66,0.027262787,28933407,10000000,192.713,565,15085,13670,359,887,66,167,236
THRM,SOLTA MEDICAL INC,3845,7,9,8,2.519999981,92,1,-0.37,0.012849097,22370450,6000000,40.655,408,9634,8550,218,522,43,109,106
THRX,"Innoviva, Inc.",2834,16,15,13,14.03022,117,1,-10.37,0.022575265,42608986,6150000,3.605,282,7794,7032,180,500,88,48,100
TIS,Orchids Paper Products CO /DE,2621,8,9,7,5.666666508,87,0,0.34,0.040705161,3875000,1875000,46.928,301,7510,6555,181,292,22,41,55
TITN,Titan Machinery Inc. ,5080,8.5,9.5,7.5,9.479999542,111,0,0.6,0.013858416,12228854,6000000,228.47,342,8814,8118,207,443,65,46,86
TLEO,TALEO CORP,7372,14,16,14,13.60000038,547,1,-0.47,-0.024693937,21828330,6700000,58.65,534,13704,12470,333,783,45,120,153
TLVT,TELVENT GIT S A ,7373,9,14.5,12.5,9.02,17,1,0.19,0.019104792,28700000,8700000,313.892,503,14152,12886,318,813,52,134,127
TMH,TEAM HEALTH HOLDINGS INC,8099,12,16,14,12.81000042,71,1,0.91,0.017323823,62401000,13300000,1331.317,643,17481,15759,413,943,85,319,192
TNAV,"Telenav, Inc.",7379,8,10,9,9.800000191,195,1,0.72,-0.037189715,41083150,7000000,110.88,465,13005,11867,318,634,60,111,151
TNDM,TANDEM DIABETES CARE INC ,3841,15,15,13,19.26000023,38,1,-1.54,0.008571351,21378095,8000000,2.475,484,12567,11128,277,556,43,106,142
TNK,TEEKAY TANKERS LTD.,4400,19.5,19.5,17.5,20.01000023,10,1,1.61,0.048222319,12500000,10000000,153.093,339,7757,7267,182,420,23,54,116
TOWR,"Tower International, Inc. ",3714,13,17,15,13,225,1,-4.49,0.021052329,18717866,6250000,1634.405,677,22890,18935,444,1160,214,382,219
TRAK,"Dealertrack Technologies, Inc",7373,17,16,14,19.25,138,1,0.33,0.006272365,33848902,10000000,70.044,429,14287,12335,299,814,77,130,170
TRBN,"Trubion Pharmaceuticals, Inc",2834,13,15,13,13.09000015,138,1,-1.12,0.034827063,16905203,4000000,0.349,356,9343,8599,210,547,66,94,145
TRCA,TERCICA INC,2834,9,13,11,9,187,1,-38.59,-0.035962367,23555753,5500000,-,178,3961,3502,96,256,17,22,47
TRFC,"Traffic.com, Inc. ",7310,12,12.5,10.5,12.14999962,147,1,-3.42,0.008075765,19308239,6550000,43.293,587,15367,13726,373,706,56,117,136
TRGT,"CATALYST BIOSCIENCES, INC. ",2834,9,13,11,28.54308319,85,1,-153.54,0.004420873,19104838,5000000,1.18,390,10426,9541,233,735,103,79,107
TRLA,"TRULIA, INC. ",7379,17,16,14,24,34,1,-0.23,0.037266089,26376654,6000000,38.518,652,22758,19531,510,1049,118,184,195
TRMM,"Access to Money, Inc. ",-,-,-,-,-,-,-,-,-,-,-,-,494,12004,10226,277,560,46,100,91
TRS,TRIMAS CORP,3452,11,13,11,9.627668381,288,1,-6.37,-0.008112629,31759500,11000000,1020.53,682,20300,17451,466,1225,201,270,307
TRW,ZF TRW AUTOMOTIVE HOLDINGS CORP,3714,28,30,28,27.10000038,81,1,-,-0.023438008,98914266,24137931,-,646,19521,17558,437,1154,114,389,286
TRX,TRONOX INC ,2810,14,20.5,18.5,0.800000012,169,1,-3.57,0.06214926,40369431,17480000,1301.8,610,16153,14867,394,1035,95,249,159
TRXI,TRX INC/GA,7374,9,13,11,9,141,1,0.63,-0.022585781,17656936,6800000,113.459,345,8219,7275,199,491,27,101,78
TSLA,TESLA MOTORS INC,3711,17,16,14,23.88999939,151,1,-0.6,0.021872587,93109393,13300000,111.943,778,26795,23881,590,1428,89,224,231
TSON,"BAXANO SURGICAL, INC. ",3841,15,14,12,24,85,1,-0.5,0.018332855,18776481,5500000,5.812,285,7555,6815,187,410,51,50,97
TSRA,TESSERA TECHNOLOGIES INC,3674,13,11,9,18.5,70,1,-0.94,0.047948878,37833423,7500000,28.27,331,6939,6289,154,376,17,92,76
TSRO,"TESARO, Inc.",2834,13.5,15,12,13.68999958,97,1,-31.9,0.031581218,26670486,6000000,-,433,12126,11150,284,619,82,89,173
TSRX,Trius Therapeutics Inc,2834,5,14,12,5,270,1,-0.96,0.021959189,23554592,10000000,5.016,275,9836,8986,206,570,74,76,137
TTGT,TechTarget Inc,7389,13,14,12,14.78999996,99,1,0.18,-0.003979156,39058534,7700000,79.012,587,13234,12127,328,695,52,71,164
TTPH,TETRAPHASE PHARMACEUTICALS INC,2834,7,10,8,7,37,1,-0.76,0.021853525,19867967,10714286,7.6,350,12931,11730,277,666,50,100,172
TTPY,TomoTherapy Inc,3845,19,17,15,22.67,86,1,0.28,0.023529935,48748297,11743420,156.102,548,13209,12113,317,667,74,105,145
TUMI,"Tumi Holdings, Inc.",3100,18,17,15,26.5,128,1,0.24,-0.017381982,67866667,18779865,329.968,370,11023,9681,245,516,83,103,137
TWLL,TECHWELL INC,3674,9,13,11,8.75,161,1,0.27,-0.030847773,19945294,5500000,36.051,506,14196,12812,336,738,53,183,154
TXRH,"Texas Roadhouse, Inc. ",5812,17.5,17,15,11.22999954,151,1,0.47,0.022575265,33155557,9108408,286.453,364,7662,6807,176,410,38,66,76
TYPE,Monotype Imaging Holdings Inc.,7371,12,15,13,12.05000019,180,1,0.21,-0.002117746,34058713,11000000,86.204,630,17765,15930,437,923,97,118,212
TZOO,TRAVELZOO INC,-,3.5,-,-,-,-,-,-,-,-,-,-,146,3600,3189,88,181,5,26,38
TZYM,"Ocera Therapeutics, Inc. ",2834,4,13,11,-,-,-,8.538,-,23708845,13500000,8.538,299,8480,7904,198,550,101,46,127
UACL,"UNIVERSAL LOGISTICS HOLDINGS, INC.",4213,20,20,18,22.5,88,0,-,0.009124591,15322500,5300000,-,487,11489,10017,267,493,48,130,104
UAPH,UAP HOLDING CORP,2875,16,17,15,16.31999969,230,1,0.91,0.040294685,50373244,27437500,2451.885,290,7464,6678,183,435,44,82,58
UBNT,"Ubiquiti Networks, Inc.",3663,15,17,15,17.5,119,1,-0.06,0.048171065,89740183,7038230,136.952,438,15100,12886,311,829,78,169,137
UNCA,UNICA CORP,7372,10,11,9,11.71000004,257,1,0.24,0.033593112,18428487,4800000,48.715,595,15895,14650,388,1005,99,93,170
UPG,UNIVERSAL POWER GROUP ,"7389, 5063",7,9,7,7.35,101,0,0.38,-0.000170593,5000000,3000000,81.275,304,6904,6234,147,287,29,61,66
USBE,US BioEnergy CORP,2860,14,17,15,15.10000038,134,1,-0.38,-0.006315605,66234433,10000000,16.415,579,14467,12702,343,541,33,65,120
V,VISA INC.,7389,44,42,37,14.125,131,1,-0.317,-0.038341546,955717739,406000000,3589.796,639,18312,16830,424,1044,93,154,171
VCC,"Manitex International, Inc.",3559,6,7,5,6.9,165,0,-2,0.031283528,4500000,2500000,-,299,5940,5294,146,306,28,37,71
VCG,"WINDSTREAM HOLDINGS, INC. ",4813,15,18,16,15.31,307,1,-,0.006385607,70833333,29375000,-,714,17324,15706,401,903,91,167,168
VCRA,"VOCERA COMMUNICATIONS, INC",3669,16,14,12,21.03000069,240,1,-0.74,0.064599345,21740372,5850000,79.503,536,13813,12532,336,737,58,81,144
VG,VONAGE HOLDINGS CORP ,4813,17,18,16,14.85000038,105,1,-2.1,-0.057090017,155732400,31250000,269.196,623,14919,13526,346,666,61,134,129
VIAC,VIACELL INC,8731,7,9,7,8.68500042,291,1,-1.2,-0.058586674,36072518,7500000,38.274,457,12063,11066,281,638,56,183,160
VITC,"Vitacost.com, Inc.",7389,12,13,11,12.05000019,827,0,0,0.085096705,27488352,11000000,143.602,380,9286,8021,226,458,54,45,118
VLCM,Volcom Inc,2300,19,17,15,26.77000046,62,0,1.28,-0.001566416,23358205,4687500,113.175,382,11310,9586,253,485,60,108,140
VLRX,Valera Pharmaceuticals Inc ,2834,9,12,10,9.93,325,1,-0.13,-0.008879212,14696482,3750000,26.832,349,7897,7148,177,445,33,64,97
VM,"Virgin Mobile USA, Inc. ",4812,15,17,15,15.75,163,1,-0.69,0.051368506,53137097,27500000,1110.579,630,19615,17950,434,925,67,267,192
VNDA,Vanda Pharmaceuticals Inc.,2834,10,14,12,9.680000305,104,1,-6.4,0.004420873,21643577,5750000,-,391,10650,9713,237,734,58,105,230
VNTV,"Vantiv, Inc. ",7389,17,18,16,19.5,133,1,0.28,0.031134772,213398216,29412000,1622.421,547,16098,14554,390,951,65,77,155
VNUS,VNUS MEDICAL TECHNOLOGIES INC,3845,15,15,13,15.03999996,89,1,-0.25,0.01806591,14333792,5375995,21.838,302,7071,6320,160,365,35,82,84
VOCS,"Vocus, Inc. ",7372,9,11,9,10,175,1,-0.28,0.032420036,14778788,5000000,20.393,304,8737,7383,205,482,14,58,69
VOLC,Volcano Corp,3845,8,12,10,8.800000191,83,1,-0.46,-0.037222283,31907477,6800000,91.9,441,12516,10568,274,627,53,112,126
VPRT,CIMPRESS N.V. ,2750,12,11,9,15.25,119,1,0.03,-0.016031093,39699235,10015930,58.784,375,10158,9292,234,460,53,97,89
VQ,"Venoco, Inc. ",1311,17,21,19,17,332,1,0.49,0.042603242,42692500,12500000,137.953,613,15678,13906,372,774,69,164,156
VRA,"Vera Bradley, Inc.",3171,16,16,14,24.85000038,112,1,0.58,0.036117216,40506670,11000000,238.577,422,11548,10166,284,590,103,95,92
VRAD,Virtual Radiologic CORP ,8090,17,18,16,20.75,461,1,-0.03,-0.040172848,16399442,4000000,54.099,490,14777,13382,339,787,31,124,155
VRAZ,Dialogic Inc. ,7373,8,12,10,195.0000305,167,1,-1.04,0.030687041,40105197,9000000,99.646,489,12830,10655,279,564,29,77,105
VRGY,Verigy Ltd. ,3825,15,18,16,14.25,96,1,-2.03,-0.037223108,58500000,8500000,456,641,16840,15571,403,925,137,226,197
VRSK,"Verisk Analytics, Inc. ",7374,22,21,19,27.21999931,421,1,0.87,-0.005484143,180059800,85250000,893.55,548,17874,14587,398,784,97,164,211
VRTU,VIRTUSA CORP ,7371,14,16,14,11.85999966,119,1,0.09,-0.046462156,22826867,4400000,76.935,480,13810,12408,343,639,125,103,145
VSE,VERASUN ENERGY CORP,2860,23,22,21,30,76,1,0,-0.039106128,74737428,18250000,236.359,397,10947,9388,244,398,26,74,92
VSI,"Vitamin Shoppe, Inc. ",5400,17,16,14,17.95000076,97,1,0.32,0.004504028,26572276,9096077,601.54,467,14205,12220,359,550,73,64,127
VSTM,"Verastem, Inc.",2834,10,11,9,11.09000015,85,1,-0.73,0.049114044,20234116,5500000,-,279,8844,8126,185,491,48,70,111
VTUS,"ASSEMBLY BIOSCIENCES, INC. ",2834,6,7,6,31.5,150,0,-,0.043746551,6746365,2900000,-,235,7412,6551,156,353,33,77,67
WAGE,"WAGEWORKS, INC. ",8742,9,12,10,12.60000038,381,0,1.28,-0.025334566,25733567,6500000,135.637,677,20084,18632,474,1026,132,160,234
WAIR,"Wesco Aircraft Holdings, Inc",3720,15,17.5,15.5,14.92000008,111,1,0.68,-0.03930505,85569794,21000000,656.036,495,15163,13330,374,680,56,142,224
WBMD,WebMD Health Corp.,7375,17.5,17.5,15.5,8.75,140,1,0.27,-0.024693937,55000000,6900000,1160.351,432,12385,10793,285,778,54,81,131
WCAA,WCA WASTE CORP,4953,9.5,11,9,8.590000153,106,0,0.63,0.003351094,14588263,9000000,64.226,437,9195,8229,205,418,55,127,89
WCG,"WELLCARE HEALTH PLANS, INC. ",6324,17,16,14,19.53,139,1,0.66,0.029468739,37069090,7333333,1045.982,458,11185,10037,263,629,47,104,163
WCRX,Warner Chilcott plc ,2834,15,19,17,14.94999981,104,1,-2.84,0.02965885,250558276,70600000,515.253,717,20307,18243,497,1054,91,199,226
WDAY,"Workday, Inc. ",7372,28,26,24,48.68999863,43,1,-,-0.041430293,160290031,22750000,-,461,13520,12211,315,722,57,70,129
WIFI,BOINGO WIRELESS INC,7389,13.5,14,12,12.10000038,110,1,0.49,0.038046608,32528097,5770000,80.42,436,10510,9657,241,592,37,83,128
WLDN,"Willdan Group, Inc. ",8711,10,11,9,10.56000042,104,0,-0.21,0.036631906,6712640,2900000,67.263,321,8103,7157,208,378,17,61,77
WLK,WESTLAKE CHEMICAL CORP,2869,14.5,18.5,16.5,7.324999809,79,1,0.3,-0.033759579,63269983,11764706,1423.034,441,9598,8471,216,486,67,112,103
WLL,WHITING PETROLEUM CORP ,1311,15.5,16,14,8.135000229,118,1,3864.5,-0.013856032,18738000,15000000,119.525,374,8304,7446,196,391,76,97,98
WLSC,WILLIAMS SCOTSMAN INTERNATIONAL INC,7359,16,18,16,15.97999954,144,1,-0.55,0.001377969,38719052,15325837,494.552,323,9338,8311,227,446,33,100,141
WMG,Warner Music Group Corp. ,7929,17,24,22,16.39999962,61,1,-6.43,0.02972598,148450313,32600000,3436,766,23452,21333,553,1270,117,371,239
WNR,"Western Refining, Inc.",2911,17,17,15,18.59000015,114,1,3.69,0.020487849,66443000,22500000,3406.653,515,11305,10063,288,559,47,83,108
WOLF,"Great Wolf Resorts, Inc.",7011,17,17,15,21,125,1,-0.16,0.043563711,28162308,14000000,47.824,575,12489,11035,273,586,99,91,90
WSSI,"VISUAL SCIENCES, INC.",7372,8.5,9,8,9.04,124,0,-0.86,0.001654677,15555482,5000000,16.36,263,6650,6002,165,390,32,66,75
WSTC,WEST CORP,7389,20,25,22,18.86000061,1267,1,8.32,0.01699966,83422374,21275000,820.665,492,14145,12390,321,731,69,152,164
WTI,W&T OFFSHORE INC ,1311,19,18.5,16.5,18.5,270,1,2.82,-0.023595744,65969224,12655263,508.715,501,11427,10287,257,631,67,114,141
XCYT,"Cyclacel Pharmaceuticals, Inc",2834,8,15,13,511.7,158,0,-12.4,-0.029881386,14772206,4200000,0.17,210,5099,4561,125,322,18,44,67
XGEN,XENOGEN CORP ,2835,7,11,9,7.5,105,1,-33.89,-0.050491997,14677278,4200000,20.063,440,9494,8691,232,514,32,134,121
XPRT,LECG CORP ,8742,17,16,14,21.03000069,81,1,-1.41,0.057755521,20554430,7500000,133.704,285,7834,6955,182,395,16,46,92
XRM,XERIUM TECHNOLOGIES INC,2221,12,16,14,239.99994,389,1,-24.75,0.017672624,43811247,13399233,586.794,529,13230,11986,312,751,114,178,173
XTNT,XTENT INC,3841,16,18,16,16.48,178,1,-1.6,0.000843807,22796308,4700000,-,275,6542,6008,146,357,41,67,111
XTXI,"ENLINK MIDSTREAM, INC.",1311,19.5,18.5,16.5,8.466666222,75,0,-,0.084287906,11733348,2306000,-,554,13739,12268,325,843,65,139,174
Z,ZILLOW INC,7389,20,14,12,35.77,93,1,-0.53,0.031992262,9528313,3462000,30.467,409,13328,11038,276,705,89,87,171
ZBB,"EnSync, Inc.",4911,6,6.5,5.5,29,234,0,-0.6,0.028250705,8592839,3333333,540.399,335,9278,8067,223,394,38,60,59
ZGNX,"ZOGENIX, INC.",2834,4,14,12,-,-,-,-,-,33563802,14000000,-,518,16898,15522,370,790,71,146,190
ZINC,Horsehead Holding Corp ,3341,18,20,18,18.6,119,1,2.7,-0.045154848,34043671,4867000,496.413,434,10250,9087,245,489,57,84,112
ZIP,ZIPCAR INC,7514,18,16,14,28,317,1,-0.37,0.004669618,38386565,9684109,186.101,537,13359,12303,329,676,87,106,173
ZLTQ,Zeltiq Aesthetics Inc ,3845,13,16,14,15.5,98,1,-0.41,0.058688883,32758082,7000000,25.461,496,13810,12515,321,784,70,126,173
ZSTN,"ZST Digital Networks, Inc.",3663,8,8.5,7.5,7.52,112,0,0.6,0.030425309,11479826,3125000,55.431,335,9067,8066,217,435,38,82,90
ZUMZ,Zumiez Inc ,5600,19,17,15,12.43500042,78,1,0.2,0.032284299,13180261,3125000,117.857,256,7087,6445,182,306,48,38,100
ZZ,SEALY CORP,2510,16,16,14,8.340122223,281,1,0.76,0.024687353,90734200,28000000,1469.574,413,11660,10544,277,636,94,103,158